map_no,template_no,question,ground_truth,c_or_d,relative_region (y/n),comments,type (Single/list/Binary/Count/Range etc),type,
1_3C,6,Yes or no: the map depicts absolute values.,Yes,c,N,,,Binary,
1_3C,19,Yes or no: the value of the state Jiangsu is similar to state Zhejiang.,Yes,,N,,,Binary,
1_3C,15,List the states bordering North Korea with the highest value.,Liaoning,,Y,,,List,
1_3C,3,What is the overall range of the legend?,5k-40k,,N,,,Range,
1_3C,18,Yes or no: the value of Shanghai is higher than its neighbouring state Zhejiang.,Yes,,Y,,,Binary,Done by Prerana
1_3C,5,Yes or no: the legend has multiple distinct colours.,No,,N,,,Binary,
1_3C,28,Which state bordering Mongolia has the closest value to state Fujian?,Inner Mongolia,,Y,Inner Mongolia??,,List,
1_3C,20,Name the East most state that has a higher value compared to all its neighbours.,Shanghai,,Y,,,Single,
1_3C,21,Yes or no: state Qinghai has the highest value among the states bordering Tibet .,No,,Y,,,Binary,
1_3C,39,Yes or no: all states bordering Russia have values in range 35000 - 40000.,No,,N,,,Binary,
2_3C,22,Yes or no: States bordering Mongolia have lower values on average than states bordering India.,No,c,N,,,Binary,
2_3C,32,Yes or no: Hunan is an outlier compared to other states along the Indian border.,No,,N,,,Binary,
2_3C,6,Yes or no: the map depicts absolute values.,Yes,,N,this is duplicate (this is not an issue),,Binary,
2_3C,36,Name the west most state with values in range < -30.,Tibet,,N,"not sure, is tibet considered south most or western??",,Single,
2_3C,30,Does Jilin have the same value as Beijing amongst the states in the north east region?,No,,N,,,Binary,
2_3C,5,Yes or no: the legend has different shades of the same colour.,Yes,,N,,,Binary,
2_3C,28,Which state bordering South China Sea has the closest value to Xinjiang?,Guangdong,,Y,,,List,
2_3C,34,Yes or no: Heilongjiang is the North most state that has a higher value compared to all its neighbours.,Yes,,Y,,,Binary,
2_3C,33,Yes or no: Tibet and Qinghai are the pair of bordering states with the highest difference.,Yes,,Y,,,Binary,
2_3C,27,Which states bordering South China Sea have a similar value as Tibet?,None,,Y,"question seems fine, so not replacing anything here",,List,
3_6C,36,Name the North most state with values in the highest range.,Heilongjiang,c,N,,,Single,
3_6C,16,Between which two legend markings does Hunan fall in?,4 - 4.5,,N,,,Range,
3_6C,39,Yes or no: all coastal states have values below 2.0.,No,,N,,,Binary,
3_6C,27,Which states with coasts have a value similar to Tibet?,"Guangdong, Hainan",,N,,,List,
3_6C,30,Does Qinghai have the same value as Jilin?,No,,N,,,Binary,
3_6C,3,What is the overall range of the legend?,<1.5 - 4.5,,N,,,Range,
3_6C,17,Count the states with the values in range 2.5 - 3.0 in the region bordering Pakistan.,1,,Y,,,Count,
3_6C,22,Yes or no: States bordering Myanmar have similar values on average than states bordering Russia.,No,,N,,,Binary,
3_6C,35,How many states bordering Russia have a value higher than Shandong?,2,,Y,,,Count,
3_6C,42,"Yes/No: Sichuan has a similar value as Hunan, and also a higher value than Zhejiang.",Yes,,N,,,Binary,
4_1C,7,Is the legend continuous or discrete?,Continuous,c,N,,,Single,
4_1C,5,Yes or no: the legend has different shades of the same colour?,Yes,,N,,,Binary,
4_1C,20,Name the West most state that has a higher compared to all its neighbours.,Xinjiang,,Y,,,Single,
4_1C,35,How many states bordering Russia have a value similar to Hainan?,0,,Y,,,Count,
4_1C,10,Is the value of Beijing closer to Hainan or Yunnan?,Hainan,,N,,,Single,
4_1C,6,Yes or no: the map depicts percentages.,No,,N,,,Binary,
4_1C,15,List the states bordering Pakistan with the highest values.,Xinjiang,,Y,,,List,
4_1C,3,What is the overall range of the legend?,< -20 - >80,,N,,,Range,
4_1C,41,Are the legends evenly spaced?,Yes,,N,,,Single,
4_1C,32,Yes or no: Beijing is an outlier compared to its neighbours.,Yes,,Y,,,Binary,
5_5C,23,How many states bordering Russia have a value higher than 6?,1,c,Y,,,Count,
5_5C,11,Which state bordering Russia belong to range 6.5 - 7?,Heilongjiang,,N,,,List,
5_5C,19,Yes or no: the value of Guangdong is higher than Jilin.,Yes,,N,,,Binary,
5_5C,3,What is the overall range of the legend?,<4.5 - >7,,N,,,Range,
5_5C,35,How many states bordering India have a value lower than Fujian?,1,,Y,this is 1?,,Count,
5_5C,20,Name the South most state that has a lower value compared to all its neighbours.,Guangdong,,Y,,,Single,
5_5C,33,Yes or no: Hunan and Guangdong are the pair of bordering states with the highest difference.,Yes,,Y,,,Binary,
5_5C,17,Count the states with the values in the range <4.5.,1,,N,this is 1?,,Count,
5_5C,22,Yes or no: States bordering Tajikistan have lower values on average than states bordering Russia.,Yes,,N,,,Binary,
5_5C,10,Is the value of Henan closer to Shandong or Shanxi?,Shandong,,N,,,Single,
6_3C,35,How many states bordering Russia have a value similar to Guangdong?,1,c,Y,,,Count,
6_3C,9,Does the value of Tibet fall in range -10 - -15?,Yes,,N,,,Binary,
6_3C,34,Yes or no: Heilongjiang is the North most state that has a higher value compared to all its neighbours.,Yes,,Y,,,Binary,
6_3C,22,Yes or no: States bordering Beijing have higher values on average than states bordering Guizhou.,Yes,,Y,,,Binary,
6_3C,32,Yes or no: Hainan is an outlier compared to other states bordering South China Sea.,Yes,,Y,,,Binary,
6_3C,10,Is the value of Sichuan closer to Yunnan or Tibet?,Yunnan,,N,,,Single,
6_3C,33,Yes or no: Hebei and Beijing are a pair of bordering states with the highest difference.,Yes,,Y,,,Binary,
6_3C,18,Yes or no: the value of Tibet is similar to its neighbouring state Qinghai.,Yes,,Y,,,Binary,
6_3C,42,"Yes/No: Fujian has a lower value than Hebei, and also have a higher value than Sichuan",No,,N,,,Binary,
6_3C,43,"Rank the states Hainan, Guangdong and Guangxi in terms of the legend value along the South China Sea border.",Guangdong > Guangxi > Hainan,,N,,,Rank,
7_6C,11,Which states bordering Afghanistan belong to range <10?,Xinjiang,c,Y,,,List,
7_6C,2,Yes or no: in the legend the colour intensity is inversely proportional to the value.,Yes,,N,,,Binary,
7_6C,26,Which states bordering India have a value lower than 20?,"Tibet, Xinjiang",,Y,,,List,
7_6C,20,Name the South most state that has a higher value compared to all its neighbours.,Sichuan,,Y,,,Single,
7_6C,36,Name the East most state with values in range 30-40.,Heilongjiang,,N,,,Single,
7_6C,3,What is the overall range of the legend?,0-50,,N,,,Range,
7_6C,31,Yes or no: a majority of coastal states have values less greater than 50.,No,,N,,,Binary,
7_6C,13,Which state has the least value along the international land border?,Tibet,,N,,,Single,
7_6C,6,Yes or no: the map depicts absolute values.,Yes,,N,,,Binary,
7_6C,21,Yes or no: Neimongol has the least value along Mongolia's border.,Yes,,N,"not sure, NM is the only state",,Binary,
8_5C,19,Yes or no: the value of Tibet is higher than Jilin.,Yes,c,N,,,Binary,
8_5C,22,Yes or no: Provinces bordering South China Sea have similar values on average than states bordering Kazakhstan.,No,,Y,,,Binary,
8_5C,6,Yes or no: the map depicts percentages.,No,,N,,,Binary,
8_5C,27,Which states bordering Qinghai have a value similar to Shandong?,"Xinjiang, Tibet",,Y,,,List,
8_5C,7,Is the legend continuous or discrete?,Continuous,,N,,,Single,
8_5C,43,"Rank the states Inner Mongolia, Liaoning and Shandong in terms of the legend value in region R.",Liaoning < Inner Mongolia < Shandong,,N,,,Rank,
8_5C,33,Yes or no: Yunnan and Guizhou are the pair of bordering states with the highest difference.,No,,Y,,,Binary,
8_5C,32,Yes or no: Guangdong is an outlier compared to other states bordering South China Sea.,No,,Y,,,Binary,
8_5C,3,What is the overall range of the legend?,<0 - >10,,N,,,Range,
8_5C,31,Yes or no: a majority of states bordering North Korea have values less than 2.,Yes,,N,,,Binary,
9_2C,23,How many states bordering Guangdong have a value higher than 12?,3,c,Y,,,Count,
9_2C,27,Which states bordering India have a value higher than state Shanghai?,Xinjiang,,Y,,,List,
9_2C,19,Yes or no: the value of Beijing is lower than Tibet.,Yes,,N,,,Binary,
9_2C,9,Does the value of Tibet fall in range >14?,Yes,,N,,,Binary,
9_2C,3,What is the overall range of the legend?,<6 - >14,,N,,,Range,
9_2C,10,Is the value of Shanghai closer to 6 or 10?,6,,N,,,Single,
9_2C,13,Which state has the highest value in the region bordering Vietnam?,Guangxi,,Y,,,Single,
9_2C,42,Yes/No: Gansu has a similar value as Sichuan and also have a lower value than Ningxia.,Yes,,N,,,Binary,
9_2C,41,Are the legends evenly spaced?,Yes,,N,,,Single,
9_2C,16,Between which two legend markings does Hainan fall in?,12-13,,N,,,Range,
10_5C,19,Yes or no: the value of Hubei is similar to Guangdong.,Yes,c,N,,,Binary,
10_5C,31,Yes or no: a majority of states bordering Russia have values less than 60.,Yes,,N,,,Binary,
10_5C,6,Yes or no: the map depicts percentages.,No,,N,,,Binary,
10_5C,5,Yes or no: the legend has different shades of the same colour?,Yes,,N,,,Binary,
10_5C,3,What is the overall range of the legend?,<0 - >140,,N,this is 0-140 or if this is the way to report it in such way then thats probably fine,,Range,
10_5C,39,Yes or no: all states bordering India have values below 40.,Yes,,N,,,Binary,
10_5C,2,Yes or no: in the legend the colour intensity is inversely proportional to the value.,No,,N,,,Binary,
10_5C,35,How many states bordering Tibet have a value higher than Ningxia?,2,,Y,,,Count,
10_5C,11,Which states bordering Shanghai belong to range 120-140?,None,,Y,,,List,
10_5C,28,Which state has the farthest value to state bordering Nepal?,"Guangdong, Hubei",,Y,,,List,
11_5C,7,Is the legend continuous or discrete?,Continuous,c,N,,,Single,
11_5C,23,How many states bordering Guangdong have a value lower than 500?,1,,Y,,,Count,
11_5C,6,Yes or no: the map depicts percentages.,No,,N,,,Binary,
11_5C,42,Yes/No: Tibet has a higher value than state Hunan and also Jilin.,No,,N,,,Binary,
11_5C,21,Yes or no: Hubei has the least value in region surrounding Shanghai.,No,,N,,,Binary,
11_5C,20,Name the East most state that has a higher value compared to all its neighbours.,Jiangsu,,Y,,,Single,
11_5C,32,Yes or no: Guangdong is an outlier compared to states bordering it.,Yes,,Y,,,Binary,
11_5C,17,Yes or no: the map depicts absolute values.,Yes,,N,,,Count,
11_5C,36,Name the West most state with values in range 0-500.,Tibet,,N,same for this too,,Single,
11_5C,34,Yes or no: Tibet is the South most state that has a higher value compared to all its neighbours.,No,,Y,,,Binary,
12_4C,6,Yes or no: the map depicts absolute values.,Yes,c,N,,,Binary,
12_4C,21,Yes or no: state Guangdong has the highest value in the South China sea region.,Yes,,N,,,Binary,
12_4C,39,Yes or no: all states bordering Mongolia have values below 600.,Yes,,N,,,Binary,
12_4C,11,Which states bordering Beijing belong to the range 1200-1400?,None,,Y,,,List,
12_4C,34,Yes or no:Tianjin is the North most state that has a higher value compared to all its neighbours.,No,,Y,,,Binary,
12_4C,3,What is the overall range of the legend?,<0 - 1400,,N,0-1400??,,Range,
12_4C,19,Yes or no: the value of Shanxi is similar to state Yunnan.,Yes,,N,,,Binary,
12_4C,16,Between which two legend markings does state Shandong fall in?,1000 - 1200,,N,,,Range,
12_4C,23,How many states bordering Vietnam have a value higher than 1000?,0,,Y,,,Count,
12_4C,20,Name the East most state that has a lower value compared to all its neighbours.,Heilongjiang,,Y,,,Single,
13_1C,31,Yes or no: a majority of states bordering Hubei have values less than 10.,Yes,c,Y,,,Binary,
13_1C,39,Yes or no: all states bordering India have values below 0.,No,,N,,,Binary,
13_1C,26,Which states bordering Tibet have a value higher than 15?,Xinjiang,,Y,,,List,
13_1C,13,Which state has the highest value along the Russian border?,Inner Mongolia and Jilin,,N,,,Single,
13_1C,3,What is the overall range of the legend?,-15 - 25,,N,-15 to 25??,,Range,
13_1C,33,Yes or no: Xinjiang and Tibet are the pair of bordering states with the highest difference.,Yes,,Y,XJ and XZ,,Binary,
13_1C,42,Yes/No: Sichuan has a similar value as Qinghai and also a lower value than Hubei.,Yes,,N,,,Binary,
13_1C,2,Yes or no: in the legend the colour intensity is inversely proportional to the value.,No,,N,,,Binary,
13_1C,21,Yes or no: Tibet has the highest value in region bordering Myanmar.,No,,Y,,,Binary,
13_1C,11,Which states bordering Laos belong to range 20-25?,None,,Y,,,List,
14_3C,33,Yes or no: Hunan and Hubei are the pair of bordering states with the highest difference.,No,c,Y,,,Binary,
14_3C,5,Yes or no: the legend has different shades of the same colour?,Yes,,N,,,Binary,
14_3C,26,Which states bordering Fujian have a value higher than 10?,Zhegiang,,Y,,,List,
14_3C,11,Which states in the region bordering Jiangsu belong to lowest range?,None,,Y,,,List,
14_3C,30,Does state Qinghai have the same different value to state Tibet.,Yes,,N,,,Binary,
14_3C,28,Which state bordering Kazakhstan has the closest value to state Jilin?,None,,Y,,,List,
14_3C,19,Yes or no: the value of Beijing is similar to Hebei.,Yes,,N,,,Binary,
14_3C,43,Yes or no: the map depicts absolute values.,Yes,,N,,,Rank,
14_3C,6,Yes or no: the map depicts percentages.,No,,N,,,Binary,
14_3C,17,Count the states with the values in the highest range,1,,N,,,Count,
16_1C,43,"Rank the states Guangdong, Shandong and Hainan in terms of the legend value.",Guangdong > Shandong > Hainan,c,N,,,Rank,
16_1C,20,Name the South most state that has a higher value compared to all its neighbours.,Guangdong,,Y,,,Single,
16_1C,13,Which state has the highest value along the South China Sea?,Guangdong,,N,,,Single,
16_1C,34,Yes or no: Xinjiang is the West most state that has a similar value compared to all its neighbours.,Yes,,Y,,,Binary,
16_1C,30,Yes or no: the map depicts percentages.,No,,N,,,Binary,
16_1C,2,Yes or no: in the legend the colour intensity is inversely proportional to the value.,Yes,,N,,,Binary,
16_1C,33,Yes or no: Tibet and Xinjiang are the pair of bordering states with the highest difference.,No,,Y,,,Binary,
16_1C,7,Is the legend continuous or discrete?,Continuous,,N,,,Single,
16_1C,16,Are the legends evenly spaced?,Yes,,N,,,Range,
16_1C,3,What is the overall range of the legend?,<0 - 4500,,N,0-4500?,,Range,
17_4C,32,Yes or no: state Guangdong is an outlier compared to other states in the South China sea region.,Yes,c,N,,,Binary,
17_4C,19,Yes or no: the value of Shanghai is lower than Jiangsu.,Yes,,N,this should be no???,,Binary,
17_4C,30,Does Hainan have the same value as Yunnan amongst the states in the South China Sea region.,No,,N,no??,,Binary,
17_4C,36,Name the South most state with values in range <200.,Hainan,,N,,,Single,
17_4C,27,Which states in the East China Sea region have a value higher than state Guangdong?,"Jiangsu, Zhejiang",,N,this is wrong because GD has the highest values,,List,
17_4C,41,Are the legends evenly spaced?,Yes,,N,,,Single,
17_4C,16,Between which two legend markings does Shandong fall in?,400 - 600,,N,400-600?,,Range,
17_4C,3,What is the overall range of the legend?,<0 - >800,,N,0-800??,,Range,
17_4C,39,Yes or no: all states bordering Russia have values in range <200.,Yes,,N,,,Binary,
17_4C,26,Which states bordering India have a value higher than 800?,None,,Y,,,List,
18_2C,30,Between which two legend markings does Jilin fall in?,0-50,c,N,,,Binary,
18_2C,7,Is the legend continuous or discrete?,Continuous,,N,,,Single,
18_2C,10,Is the value of Tibet closer to <50 or 150-200?,<50,,N,,,Single,
18_2C,31,Yes or no: a majority of states in the East China Sea region have values greater than 350.,No,,N,,,Binary,
18_2C,33,Yes or no: Inner Mongolia and Shandong are the pair of bordering states with the highest difference.,No,,N,,,Binary,
18_2C,41,Are the legends evenly spaced?,Yes,,N,,,Single,
18_2C,5,Yes or no: the legend has different shades of the same colour?,No,,N,,,Binary,
18_2C,16,Between which two legend markings does Guangdong fall in?,>350,,N,,,Range,
18_2C,3,What is the overall range of the legend?,<0 - >350,,N,0-350?,,Range,
18_2C,22,Yes or no: States bordering India have higher values on average than states bordering Russia.,No,,N,,,Binary,
19_5C,18,Yes or no: the value of Hubei is higher than its neighbouring state Hunan.,Yes,c,Y,,,Binary,
19_5C,21,Yes or no: state Guangdong has the highest value in the South China Sea region.,Yes,,N,,,Binary,
19_5C,16,Between which two legend markings does state Hubei fall in?,>120,,N,,,Range,
19_5C,19,Yes or no: the value of the state Xinjiang is higher than Tibet.,Yes,,N,,,Binary,
19_5C,30,Does Jilin have the same value as Heibei amongst the states in the East China Sea region.,Yes,,N,no?,,Binary,
19_5C,42,"Yes/No: Guangdong has a higher value than Tibet, and also have a similar value as Hubei.",Yes,,N,,,Binary,
19_5C,3,What is the overall range of the legend?,<0 - >120,,N,0-120?,,Range,
19_5C,17,Count the states with the values in range >120 in the South China Sea region.,1,,N,,,Count,
19_5C,20,Name the West most state that has a lower value compared to all its neighbours.,Tibet,,Y,,,Single,
19_5C,27,Which states in South China region have a value higher than Hubei?,Guangdong,,N,GD?,,List,
20_6C,13,Which state has the highest value in the South China Sea region?,Guangdong,c,N,,,Single,
20_6C,3,What is the overall range of the legend?,<0 - >40000,,N,0 to 40K?,,Range,
20_6C,42,"Yes/No: Guangdong has a higher value than Tibet, and also a similar value as Zhejiang.",Yes,,N,"how similar, it is way higher?",,Binary,
20_6C,22,Yes or no: States bordering South China Sea have higher values on average than states bordering Russia.,Yes,,N,,,Binary,
20_6C,6,Yes or no: the map depicts percentages.,No,,N,,,Binary,
20_6C,7,Is the legend continuous or discrete?,Continuous,,N,,,Single,
20_6C,41,Are the legends evenly spaced?,Yes,,N,,,Single,
20_6C,28,Which state in the East China Sea region has the closest value to Sichuan?,Fujian,,N,,,List,
20_6C,11,Which states bordering India belong to the highest range?,None,,Y,,,List,
20_6C,27,Which states in the South China region have a value similar to Tibet?,Hainan,,N,YN?,,List,
21_3C,35,How many states bordering Russia have a value similar to Tianjin?,0,c,Y,,,Count,
21_3C,19,Yes or no: the value of Beijing is similar to Tibet.,No,,N,,,Binary,
21_3C,33,Yes or no: Shanxi and Henan are the pair of bordering states with the highest difference.,No,,Y,,,Binary,
21_3C,32,Yes or no: state Zhejiang and Tianjin are outliers compared to other states in the East China Sea region.,Yes,,N,,,Binary,
21_3C,34,Yes or no: Zhejiang is the East most state that has a higher value compared to all its neighbours.,Yes,,Y,,,Binary,
21_3C,13,Which state has the least value in the South China Sea region?,Hainan,,N,incorrect?,,Single,
21_3C,7,Is the legend continuous or discrete?,Continuous,,N,,,Single,
21_3C,16,Between which two legend markings does Jilin fall in?,< -15,,N,out of range,,Range,
21_3C,43,"Rank the states Qinghai, Zhejiang and Ningxia in terms of the legend value.",Zhejiang > Qinghai > Ningxia,,N,this is highest to lowest,,Rank,
21_3C,27,Which states bordering India have a value similar to Shaanxi?,Tibet,,Y,,,List,
22_2C,17,Count the states with the values in range >2500.,3,c,N,,,Count,
22_2C,15,List the 3 states in the East China Sea region with the highest values.,"Shandong, Jiangsu, Zhejiang",,N,,,List,
22_2C,32,Yes or no: Tibet is an outlier compared to other states in the South China Sea region.,No,,N,,,Binary,
22_2C,39,Yes or no: all states bordering North Korea have values in range 2000-2500.,No,,N,,,Binary,
22_2C,21,Yes or no: Guangxi has the highest value among the neighbours of Guizhou.,Yes,,Y,,,Binary,
22_2C,31,Yes or no: a majority of states bordering Russia have values less than 1000.,Yes,,N,,,Binary,
22_2C,6,Yes or no: the map depicts absolute values.,Yes,,N,,,Binary,
22_2C,9,Does the value of Hainan fall in range 2000 - 2500?,No,,N,,,Binary,
22_2C,23,How many states in the East China Sea region have a value higher than 2000?,3,,N,,,Count,
22_2C,19,Yes or no: the value of Guangdong is lower than Shandong.,Yes,,N,,,Binary,
23_5C,2,Yes or no: in the legend the colour darkness/intensity is directly proportional to the value.,Yes,c,N,Yes?,,Binary,
23_5C,26,Are the legends evenly spaced?,Yes,,N,I think this is only one i.e GD,,List,
23_5C,35,How many states bordering India have a value similar to Inner Mongolia?,1,,Y,,,Count,
23_5C,9,Is the legend continuous or discrete?,Continuous,,N,No,,Binary,
23_5C,3,What is the overall range of the legend?,<0 - >1500,,N,0-1500,,Range,
23_5C,33,Yes or no: Guangdong and Guangxi are the pair of bordering states with the highest difference.,Yes,,Y,,,Binary,
23_5C,27,Which states with coasts have a value higher than state Guangdong?,None,,N,,,List,
23_5C,22,Yes or no: States bordering India have similar values on average than states bordering North Korea.,Yes,,N,,,Binary,
23_5C,42,"Yes/No: Guangdong has a higher value than Qinghai, and also have a similar value as Liaoning.",No,,N,,,Binary,
23_5C,20,Name the South most state that has a higher value compared to all its neighbours.,Guangdong,,Y,,,Single,
5_1C,17,Count the states with the values in >8.5 along the North Korea border.,2,c,N,2?,,Count,
5_1C,13,Which state has the least value in the South China Sea region?,Guangdong,,N,,,Single,
5_1C,41,Are the legends evenly spaced?,Yes,,N,,,Single,
5_1C,16,Between which two legend markings does Tibet fall in?,5 - 5.5,,N,,,Range,
5_1C,23,How many states bordering Guangdong have a value lower than 7?,3,,Y,,,Count,
5_1C,18,Yes or no: the value of Shaanxi is similar to its neighbouring state Shanxi.,Yes,,Y,,,Binary,
5_1C,20,Name the East most state that has a higher value compared to all its neighbours.,Heilongjiang,,Y,,,Single,
5_1C,15,List the states bordering Russia with the highest value.,Heilongjiang,,Y,,,List,
5_1C,28,Which state bordering Qinghai has the closest value to Hunan?,Gansu,,Y,,,List,
5_1C,3,What is the overall range of the legend?,<5 - >8.5,,N,,,Range,
3_1C,30,Does Fujian have the same value as Guizhou amongst the states in the south east region.,Yes,c,N,,,Binary,
3_1C,32,Yes or no: Liaoning is an outlier compared to other states with coasts.,Yes,,N,,,Binary,
3_1C,3,What is the overall range of the legend?,<2.5 - >4.5,,N,,,Range,
3_1C,22,Yes or no: States bordering Bhutan have lower values on average than states bordering North Korea.,Yes,,N,,,Binary,
3_1C,6,Yes or no: the map depicts absolute values.,Yes,,N,,,Binary,
3_1C,7,Is the legend continuous or discrete?,Continuous,,N,,,Single,
3_1C,35,How many states bordering Sichuan have a value similar to Jilin?,1,,Y,,,Count,
3_1C,43,"Rank the states Qinghai, Tibet and Gansu in terms of the legend value.",Gansu > Tibet > Qinghai,,N,,,Rank,
3_1C,15,List the states bordering Vietnam with the lowest values.,Guangxi,,Y,only GX?,,List,
3_1C,31,Yes or no: a majority of states bordering Russia have values greater than 3.5.,Yes,,N,,,Binary,
14_8C,6,Yes or no: the map depicts percentages.,No,c,N,,,Binary,
14_8C,26,Which states bordering Myanmar have a value lower than 20000?,"Tibet, Yunnan",,Y,,,List,
14_8C,41,Are the legends evenly spaced?,Yes,,N,,,Single,
14_8C,20,Name the South most state that has a higher value compared to all its neighbours.,Guangdong,,Y,,,Single,
14_8C,36,Name the South most state with values in range <10000.,Hainan,,N,,,Single,
14_8C,11,Which states bordering South China Sea belong to the range 50000 - 60000?,None,,Y,,,List,
14_8C,33,Yes or no: Tibet and Qinghai are the pair of bordering states with the highest difference.,No,,Y,,,Binary,
14_8C,17,Count the states with the values in range 20000 - 30000.,5,,N,,,Count,
14_8C,43,"Rank the states Hunan, Jiangxi and Zhejiang in terms of the legend value.",Zhejiang > Hunan > Jiangxi,,N,,,Rank,
14_8C,10,Is the value of state Ningxia closer to Qinghai or Hebei?,Qinghai,,N,,,Single,
1_1D,22,Yes or no: States bordering Bhutan have higher values on average than states bordering Russia.,No,d,N,,,Binary,
1_1D,42,"Yes/No: Beijing has a higher value than Yunnan, and also have a similar value to Liaoning.",Yes,,N,,,Binary,
1_1D,6,Yes or no: the map depicts absolute values.,Yes,,N,,,Binary,
1_1D,43,"Rank the states Sichuan, Chongqing and Guizhou in terms of the legend value.",Guizhou < Sichuan < Chongqing,,N,,,Rank,
1_1D,2,Yes or no: in the legend the colour intensity is inversely proportional to the value.,No,,N,,,Binary,
1_1D,34,Yes or no: Jilin is the North most state that has a lower value compared to all its neighbours.,Yes,,Y,,,Binary,
1_1D,9,Does the value of Guangdong fall in the highest range?,Yes,,N,,,Binary,
1_1D,7,Is the legend continuous or discrete?,Discrete,,N,,,Single,
1_1D,36,Name the West most state with values in the lowest range.,Tibet,,N,,,Single,
1_1D,15,List the states bordering East China Sea with the lowest range values.,None,,Y,not correct,,List,
2_3D,11,Which states in the South China Sea belong to the second highest range?,Guangdong,d,N,this is the highest??,,List,
2_3D,1,How many distinct categories does the legend contain?,6,,N,,,Count,
2_3D,23,How many states in the South China Sea region have a value higher than 5?,3,,N,,,Count,
2_3D,8,Which class has the largest range of values?,-34.10 - -10.60,,N,,,Range,
2_3D,18,Yes or no: the value of Heilongjiang is similar to its neighbouring state Jilin.,Yes,,Y,,,Binary,
2_3D,12,What is the lowest value range in the South China Sea region?,-10.60 - -6.90,,N,,,Range,
2_3D,7,Is the legend discrete or continuous?,Discrete,,N,,,Single,
2_3D,31,Yes or no: a majority of states bordering North Korea belong to range greater than -6.90.,Yes,,N,,,Binary,
2_3D,34,Yes or no: Guangdong is the South most state that has a higher value compared to all its neighbours.,Yes,,Y,,,Binary,
3_6D,32,Yes or no: Shaanxi is an outlier compared to other states bordering Sichuan.,No,d,Y,,,Binary,
3_6D,37,Which state in range 1.40 - 2.90 borders at least 2 states from the highest range?,Gansu,,N,,,Single,
3_6D,19,Yes or no: the value of Sichuan is higher than Beijing.,Yes,,N,,,Binary,
3_6D,3,What is the overall range of the legend?,1.40 - 4.50,,N,,,Range,
3_6D,13,Which state has the least value in the South China region?,"Hainan, Guangdong, Guangxi",,N,,,Single,
3_6D,34,Yes or no: Heilongjiang is the North most state that has a higher value compared to all its neighbours.,Yes,,Y,,,Binary,
3_6D,27,Which states bordering India have a value higher than Hainan?,None,,Y,,,List,
3_6D,1,How many distinct categories does the legend contain?,5,,N,,,Count,
3_6D,6,Yes or no: the map depicts absolute values.,Yes,,N,,,Binary,
3_6D,42,"Yes/No: Jilin has a higher value than Hainan, and also have a similar value than Shaanxi",Yes,,N,,,Binary,
4_4D,33,Yes or no: Inner Mongolia and Liaoning are a pair of bordering states with the highest difference.,Yes,d,N,,,Binary,
4_4D,7,Is the legend discrete or continuous?,Discrete,,N,,,Single,
4_4D,41,Are the legends evenly spaced?,No,,N,,,Single,
4_4D,5,Yes or no: the legend has different shades of the same colour?,Yes,,N,,,Binary,
4_4D,9,Does Tibet fall in the lowest range?,No,,N,,,Binary,
4_4D,3,What is the overall range of the legend?,-41.70 - 50.60,,N,,,Range,
4_4D,30,Does Jiangsu have the same value as Zhejiang amongst the states bordering East China Sea.,Yes,,Y,,,Binary,
4_4D,23,How many states bordering India have a value higher than 2.40?,1,,Y,,,Count,
4_4D,1,How many distinct categories does the legend contain?,3,,N,,,Count,
4_4D,37,Which state in the least range borders at least 2 states from the highest range?,Inner Mongolia,,N,,,Single,
5_7D,21,Yes or no: Shanghai has the lowest value in the East China Sea region.,Yes,d,N,is it TJ?,,Binary,
5_7D,13,Which state has the higest value in the East China Sea region?,"Shandong, Jiangsu",,N,,,Single,
5_7D,38,Yes or no: the value of Guangdong is below the median value amongst states in the South China region.,Yes,,N,,,Binary,
5_7D,36,Name the West most state in the highest range.,Sichuan,,N,,,Single,
5_7D,43,"Rank the states Gansu, Inner Mongolia and Heilongjiang in terms of the legend value in the Russia border region.",Heilongjiang > Gansu > Inner Mongolia,,N,,,Rank,
5_7D,19,Yes or no: the value of Henan is similar to Sichuan.,Yes,,N,,,Binary,
5_7D,15,List the 2 states in the Indian border region with the same values.,"Tibet, Xinjiang",,Y,,,List,
5_7D,30,Does Zhejiang have the same value as Guangdong mongst the states in the south east coastal region.,Yes,,N,,,Binary,
5_7D,37,Which state in the north east region borders at least 3 from range 6.21 - 6.65?,Inner Mongolia,,N,,,Single,
6_3D,5,Yes or no: the legend has different shades of the same colour?,Yes,d,N,,,Binary,
6_3D,37,Which state in the lowest range borders at least 5 states from range -1.80 - 7.90?,Guizhou,,N,,,Single,
6_3D,43,"Rank the states Tibet, Xinjiang and Guangdong in terms of the legend value.",Guangdong > Xinjiang > Tibet,,N,,,Rank,
6_3D,30,Does Hunan have the same value as Guangxi amongst the states in northeast region.,Yes,,N,,,Binary,
6_3D,41,Are the legends evenly spaced?,No,,N,,,Single,
6_3D,12,What is the highest value range in the north-east region?,7.90 - 22.60,,N,,,Range,
6_3D,22,Yes or no: Coastal states have higher values on average than inland states.,Yes,,N,,,Binary,
6_3D,6,Yes or no: the map depicts percentages.,No,,N,,,Binary,
6_3D,32,Yes or no: Heilongjiang is an outlier compared to other states in the northeast region.,Yes,,N,,,Binary,
6_3D,4,What value range does the darkest shade represent?,7.90 - 22.60,,N,,,Range,
7_0D,1,How many distinct categories does the legend contain?,5,d,N,,,Count,
7_0D,17,Count the coastal states with the values in range 28.3 - 37.20 in the southeast region.,1,,N,,,Count,
7_0D,34,Yes or no: Guangdong is the South most state that has a higher value compared to all its neighbours.,Yes,,Y,,,Binary,
7_0D,36,Name the South most state in the highest range.,Guangdong,,N,,,Single,
7_0D,6,Yes or no: the map depicts absolute values.,Yes,,N,,,Binary,
7_0D,27,Which states in the northeast region have a value lower than Shaanxi?,"Heilongjiang, Jilin",,N,,,List,
7_0D,2,Yes or no: in the legend the colour intensity is inversely proportional to the value.,No,,N,,,Binary,
7_0D,19,Yes or no: the value of the state Liaoning is higher than state Tibet.,Yes,,N,,,Binary,
7_0D,8,Which class has the largest range of values?,37.20 - 62.90,,N,dont think so,,Range,
7_0D,5,Yes or no: the legend has different shades of the same colour?,Yes,,N,,,Binary,
7_8D,26,Which states in the northeast region have a value higher than 38.30?,"Heilongjiang, Liaoning",d,N,,,List,
7_8D,43,"Rank the states Qinghai, Sichuan and Hebei in terms of the legend value.",Sichuan > Hebei > Qinghai,,N,,,Rank,
7_8D,27,Which states bordering India have a value similar to Tianjin?,None,,Y,,,List,
7_8D,42,Yes/No: Henan has a similar value to Sichuan and also Shandong.,Yes,,N,,,Binary,
7_8D,23,How many coastal states have a value lower than 22.30?,2,,N,,,Count,
7_8D,15,List the 2 states bordering India with the lowest values.,Tibet and Xinjiang,,N,,,List,
7_8D,1,How many distinct categories does the legend contain?,5,,N,,,Count,
7_8D,5,Yes or no: the legend has multiple distinct colours?,Yes,,N,yes?,,Binary,
7_8D,39,Yes or no: all states in the South China region have values above 29.40.,No,,N,,,Binary,
7_8D,3,What is the overall range of the legend?,1.70 - 54.40,,N,,,Range,
8_3D,5,Yes or no: the legend has multiple distinct colours?,Yes,d,N,,,Binary,
8_3D,36,Name the South most state in the lowest range.,Shanghai,,N,not correct?,,Single,
8_3D,12,What is the least value range in the north-east region?,-1.00 - 3.07,,N,,,Range,
8_3D,34,Yes or no: Ningxia is the North most state that has a higher value compared to all its neighbours.,Yes,,Y,,,Binary,
8_3D,16,What value range does Yunnan fall in?,4.92 - 7.02,,N,,,Range,
8_3D,39,Yes or no: all states in the south east region have values above 4.92.,Yes,,N,,,Binary,
8_3D,19,Yes or no: the value of Ningxia is similar to Hainan.,Yes,,N,,,Binary,
8_3D,6,Yes or no: the map depicts percentages.,No,,N,,,Binary,
8_3D,7,Is the legend discrete or continuous?,Discrete,,N,,,Single,
8_3D,40,Which pair of states belonging to the highest range are the closest to each other?,Tibet and Qinghai,,Y,,,List,
9_0D,5,Yes or no: the legend has multiple distinct colours?,Yes,d,N,,,Binary,
9_0D,7,Is the legend discrete or continuous?,Discrete,,N,,,Single,
9_0D,28,Which state bordering South China Sea has the same value as Inner Mongolia?,None,,Y,,,List,
9_0D,19,Yes or no: the value of Shanghai is higher than Hainan.,No,,N,,,Binary,
9_0D,6,Yes or no: the map depicts absolute values.,Yes,,N,,,Binary,
9_0D,8,Which class has the largest range of values?,7.36 - 14.24,,N,white,,Range,
9_0D,42,Yes/No: Guangdong has a higher value than Jilin and also Beijing.,Yes,,N,,,Binary,
9_0D,41,Are the legends evenly spaced?,No,,N,,,Single,
9_0D,9,Does Qinghai fall in the highest range?,Yes,,N,,,Binary,
9_0D,34,Yes or no: Xinjiang is the West most state that has a lower value compared to all its neighbours.,Yes,,Y,,,Binary,
10_3D,6,Yes or no: the map depicts absolute values.,Yes,d,N,,,Binary,
10_3D,18,Yes or no: the value of Hunan is higher than its neighbouring state Chingqing.,No,,Y,,,Binary,
10_3D,13,Which state has the least value in the South China Sea region?,Hainan,,N,,,Single,
10_3D,35,How many states bordering South China Sea have a value similar to Tibet?,1,,Y,,,Count,
10_3D,12,What is the higest value range along Russia's border?,54.20 - 75.00,,N,,,Range,
10_3D,11,Which states in region bordering Bhutan belong to the highest range?,None,,Y,,,List,
10_3D,26,Which states bordering India have a value lower than 54.20?,"Tibet, Xinjiang",,Y,,,List,
10_3D,28,Which state in the East China region has the same value as Ningxia?,Tianjin,,N,,,List,
10_3D,1,How many distinct categories does the legend contain?,3,,N,,,Count,
10_3D,27,Which states bordering North Korea have a value lower than Guangdong?,"Jilin, Liaoning, Heilongjiang",,Y,,,List,
11_1D,43,"Rank the states Hainan, Guangdong and Fujian in terms of the legend value in the South China Sea region.",Guangdong > Fujian > Hainan,d,N,highest to lowest,,Rank,
11_1D,36,Name the West most state in the lowest range.,Tibet,,N,,,Single,
11_1D,27,Which states in the north east region have a value similar to Fujian?,Jilin,,N,,,List,
11_1D,7,Is the legend discrete or continuous?,Discrete,,N,,,Single,
11_1D,35,How many states in the East China Sea region have a value similar to Shanxi?,2,,N,,,Count,
11_1D,37,Which state in the highest range borders at least 2 states from the same range?,Shandong,,N,,,Single,
11_1D,42,"Yes/No: Hunan has a higher value than Qinghai, and also a similar value as Shandong",Yes,,N,,,Binary,
11_1D,16,What value range does Jilin fall in?,398.14 - 745.49,,N,,,Range,
11_1D,41,Are the legends evenly spaced?,No,,N,,,Single,
11_1D,1,How many distinct categories does the legend contain?,7,,N,,,Count,
12_2D,43,"Rank the states Jilin, Beijing and Hebei in terms of the legend value.",Hebei > Jilin > Beijing,d,N,,,Rank,
12_2D,2,Yes or no: in the legend the colour intensity is directly proportional to the value.,Yes,,N,,,Binary,
12_2D,17,Count the states with the values in the highest range in the East China Sea region.,5,,N,,,Count,
12_2D,40,Which pair of north east states belonging to the second highest range are the closest to each other?,Liaoning and Jilin,,N,,,List,
12_2D,35,How many states bordering India have a value similar to Beijing?,1,,N,,,Count,
12_2D,27,Which states bordering Vietnam have a value similar to Shanghai?,None,,Y,,,List,
12_2D,16,What value range does Ningxia fall in?,31.30 - 259.20,,N,,,Range,
12_2D,12,What is the least value range in the South east region?,31.29 - 259.20,,N,,,Range,
12_2D,7,Is the legend discrete or continuous?,Discrete,,N,,,Single,
12_2D,23,How many states bordering Myanmar have a value higher than 259.20?,1,,Y,2?,,Count,
13_4D,36,Name the North most state in the range 15.5 - 129.4.,Heilongjiang,d,N,,,Single,
13_4D,31,Yes or no: a majority of states bordering Beijing belong to range less than 8.60.,Yes,,Y,,,Binary,
13_4D,1,How many distinct categories does the legend contain?,5,,N,,,Count,
13_4D,21,Yes or no: Xinjiang has the least value in region bordering India.,Yes,,N,,,Binary,
13_4D,7,Is the legend discrete or continuous?,Discrete,,N,,,Single,
13_4D,12,What is the least value range in the south-east region?,-31.10 - 2.80,,N,,,Range,
13_4D,16,What value range does Yunnan fall in?,15.50 - 129.40,,N,,,Range,
13_4D,6,Yes or no: the map depicts absolute values.,Yes,,N,,,Binary,
13_4D,28,Which state bordering Vietnam has the same value as Hainan?,Guangxi,,Y,,,List,
13_4D,15,List the states in the East China Sea region with the highest values.,Zhejiang,,N,,,List,
14_7D,19,Yes or no: the value of Shandong is higher than Shanghai.,Yes,d,N,,,Binary,
14_7D,1,How many distinct categories does the legend contain?,5,,N,,,Count,
14_7D,31,Yes or no: a majority of states bordering India belong to the lowest range.,Yes,,N,,,Binary,
14_7D,28,Which states in South China sea region has the same value as Shandong?,Guangdong,,N,,,List,
14_7D,3,What is the overall range of the legend?,1043 - 74732.40,,N,,,Range,
14_7D,26,Which states bordering India have a value higher than 16780.90?,None,,N,,,List,
14_7D,2,Yes or no: in the legend the colour intensity is directly proportional to the value.,No,,N,,,Binary,
14_7D,42,"Yes/No: Hainan has a lower value than state Shandong, and also have a higher value than state Tibet.",No,,N,,,Binary,
14_7D,33,Yes or no: Sichuan and Guizhou are a pair of bordering states with the highest difference.,Yes,,Y,,,Binary,
14_7D,16,What value range does Hainan fall in?,1042.99-10.710.25,,N,1042.99-10.710.25,,Range,
16_0D,27,Which states bordering North Korea have a value similar to Shanghai?,None,d,N,,,List,
16_0D,5,Yes or no: the legend has multiple distinct colours.,Yes,,N,,,Binary,
16_0D,22,Yes or no: States bordering Xinjiang have lower values on average than states bordering Fujian.,Yes,,Y,,,Binary,
16_0D,9,Does state Hainan fall in the lowest range?,Yes,,N,,,Binary,
16_0D,21,Yes or no: state Tianjin has the least value in the East China Sea region.,Yes,,N,,,Binary,
16_0D,33,Yes or no: Shandong and Jiangsu are the pair of bordering states with the highest difference.,No,,Y,,,Binary,
16_0D,26,Which states bordering Yunnan have a value higher than 1187.5?,Sichuan,,Y,,,List,
16_0D,11,Which states bordering Vietnam belong to the lowest range?,None,,Y,,,List,
16_0D,23,How many coastal states have a value higher than 1678.40?,4,,N,,,Count,
16_0D,12,What is the highest value range in the south-east region?,1678.40 - 5068.50,,N,,,Range,
17_4D,38,Yes or no: the value of Shandong is below the median value amongst states in coastal region.,No,d,N,,,Binary,
17_4D,37,Which state borders only states from range 191.50 - 975.60?,Shanghai,,N,,,Single,
17_4D,28,Which state in north east China has the same value as state Hunan?,None,,N,,,List,
17_4D,21,Yes or no: Hainan has the least value in the south-east region.,Yes,,N,,,Binary,
17_4D,4,What value range does the second lightest shade represent?,33.10 - 42.90,,N,,,Range,
17_4D,42,"Yes/No: Zhejiang has a higher value than Ningxia, and also have a similar value as Fujian.",Yes,,N,,,Binary,
17_4D,15,List the state bordering Mongolia with the lowest values.,Gansu,,N,what about NX?,,List,
17_4D,40,Which pair of states belonging to the range 33.10 - 42.90 are the closest to each other?,Inner Mongolia and Shaanxi,,N,,,List,
17_4D,31,Yes or no: a majority of states in the north east China belong to the highest range.,No,,N,,,Binary,
17_4D,11,Which states bordering India belong to the lowest range?,Tibet,,N,,,List,
18_4D,33,Yes or no: Beijing and Tianjin are the pair of bordering states with the highest difference.,Yes,d,Y,,,Binary,
18_4D,13,Which state has the highest value in the South China Sea region?,Guangdong,,N,,,Single,
18_4D,32,Yes or no: Beijing is an outlier compared to other states in the northeast region.,Yes,,N,,,Binary,
18_4D,40,Which pair of states belonging to the range 18.20 - 26.10 are the farthest from each other?,Xinjiang and Hainan,,N,,,List,
18_4D,15,List the state bordering Russia with the lowest values.,Heilongjiang,,N,,,List,
18_4D,23,How many states bordering India have a value higher than 141.90?,0,,N,,,Count,
18_4D,18,Yes or no: the value of Sichuan is higher than its neighbouring state Qinghai.,Yes,,Y,,,Binary,
18_4D,5,Yes or no: the legend has multiple distinct colours.,Yes,,N,is this yes?,,Binary,
18_4D,3,What is the overall range of the legend?,2.49 - 203.70,,N,,,Range,
18_4D,12,What is the highest value range in the North Korea border region?,26.10 - 46.40,,N,,,Range,
19_3D,21,Yes or no: state Guangdong has the highest value in the South China sea region.,Yes,d,N,,,Binary,
19_3D,18,Yes or no: the value of Shanghai is higher than its neighbouring state Zhejiang.,No,,Y,,,Binary,
19_3D,16,What value range does Qinghai fall in?,6.09 - 21.00,,N,,,Range,
19_3D,22,Yes or no: States bordering East China sea have higher values on average than states bordering India.,Yes,,N,,,Binary,
19_3D,40,Which pair of states belonging to the lowest range are the closest to each other?,Tibet and Qinghai; Beijing and Tianjin,,N,,,List,multiple possible color answers
19_3D,4,What value range does the darkest shade represent?,6.09 - 21.0,,N,isn't darkest is 6.09-21.0?,,Range,
19_3D,26,Which states bordering Shandong have a value higher than 49.8?,"Henan, Jiangsu, Anhui, Hebei",,Y,isn't this none?,,List,
19_3D,19,Yes or no: the value of Hebei is similar to the state Anhui.,No,,N,no?,,Binary,
19_3D,34,Yes or no: Guangdong is the South most state that has a higher value compared to all its neighbours.,Yes,,Y,,,Binary,
19_3D,42,"Yes/No: Zhejiang has a higher value than Guizhou, and a similar value as Hubei.",Yes,,N,,,Binary,
20_4D,1,How many distinct categories does the legend contain?,6,d,N,,,Count,
20_4D,3,What is the overall range of the legend?,122.99 - 47456.00,,N,,,Range,
20_4D,9,Does Hainan fall in the lowest range?,Yes,,N,,,Binary,
20_4D,34,Yes or no: Xinjiang is the West most state that has a similar value compared to all its neighbours.,Yes,,Y,,,Binary,
20_4D,39,Yes or no: all states in the East China Sea region have values above 8130.00,No,,N,no because SH has different value,,Binary,
20_4D,30,Does Shanghai have the same value as Zhejiang amongst the states in the East China Sea region.,No,,N,,,Binary,
20_4D,7,Is the legend discrete or continuous?,Discrete,,N,,,Single,
20_4D,20,Name the South most state that belongs to a higher value range compared to all its neighbours.,Guangdong,,Y,,,Single,
20_4D,16,What value range does Shandong fall in?,17470 - 47456,,N,,,Range,
20_4D,6,Yes or no: the map depicts percentages.,No,,N,,,Binary,
21_1D,17,Count the states with the values in the range 12.50 - 20.10 in the East China Sea region.,2,d,N,,,Count,
21_1D,33,Yes or no: Xinjiang and Tibet are a pair of bordering states with the highest difference.,Yes,,Y,,,Binary,
21_1D,39,Yes or no: all states in the North-East region have values in the range 5.70 - 9.60.,No,,N,,,Binary,
21_1D,41,Are the legends evenly spaced?,No,,N,,,Single,
21_1D,34,Yes or no: Xinjiang is the West-most state that has a higher value compared to all its neighbours.,Yes,,Y,,,Binary,
21_1D,9,Does Gansu fall in the range 5.70 - 9.60?,Yes,,N,9.6-12.5?,,Binary,
21_1D,31,Yes or no: a majority of states bordering North Korea belong to range greater than 5.70.,Yes,,N,,,Binary,
21_1D,6,Yes or no: the map depicts percentages.,No,,N,,,Binary,
21_1D,2,Yes or no: in the legend the colour intensity is inversely proportional to the value.,No,,N,,,Binary,
21_1D,28,Which state in the South China Sea region has the same value as Tibet?,Hainan,,N,,,List,
22_0D,23,How many states in the East China Sea region have a value lower than 107.74?,0,d,N,,,Count,
22_0D,40,Which pair of states belonging to the range 234.24 - 288.32 are the closest to each other?,Sichuan and Chongqing,,N,,,List,
22_0D,28,Which state bordering Mongolia has the same value as Fujian?,None,,N,I think it is LN?,,List,
22_0D,26,Which coastal states have a value higher than 578.29?,"Guangdong, Shandong, Jinagsu, Zhejiang",,N,,,List,
22_0D,37,Which state borders only states from range 5.85 - 107.74?,Xinjiang,,N,,,Single,
22_0D,17,Count the states with the values in the highest range in the East China Sea region.,3,,N,,,Count,
22_0D,12,What is the highest value range in the region bordering North Korea?,288.32 - 578.29,,N,,,Range,
22_0D,33,Yes or no: Tibet and Qinghai are the pair of bordering states with the highest difference.,No,,Y,,,Binary,
22_0D,4,What value range does the darkest shade represent?,5.84 - 107.74,,N,5.84-107.74?,,Range,
22_0D,42,Yes/No: Jinagxi has a similar value as Guangxi and also Jilin.,Yes,,N,,,Binary,
22_8D,21,Yes or no: state Tibet has the least value in the Indian border region.,Yes,d,N,,,Binary,
22_8D,17,Count the states with the values in the highest range in the region bordering Bhutan.,0,,N,,,Count,
22_8D,27,Which states in the South China Sea region have a value higher than Liaoning?,Guangdong,,N,,,List,
22_8D,33,Yes or no: Qinghai and Sichuan are the pair of bordering states with the highest difference.,Yes,,Y,,,Binary,
22_8D,15,List the 3 states in the East China Sea region with the highest values.,"Shandong, Jiangsu, Zhejiang",,N,,,List,
22_8D,11,Which states bordering Russia belong to the highest range?,None,,N,,,List,
22_8D,18,Yes or no: the value of Guizhou is similar to its neighbouring state Guangxi.,Yes,,Y,,,Binary,
22_8D,23,How many states in the East China sea region have a value higher than 58.09?,6,,N,,,Count,
22_8D,20,Name the South-most state that belongs to a higher value range compared to all its neighbours.,Guangdong,,Y,,,Single,
22_8D,3,What is the overall range of the legend?,58.09 - 3454.27,,N,,,Range,
23_1D,18,Yes or no: the value of Sichuan is higher than its neighbouring state Yunnan.,Yes,d,Y,,,Binary,
23_1D,16,What value range does Hainan fall in?,44.49 - 261.30,,N,,,Range,
23_1D,33,Yes or no: Tibet and Sichuan are the pair of bordering states with the highest difference.,Yes,,Y,,,Binary,
23_1D,43,"Rank the states Guangxi, Hunan and Guangdong in terms of the legend value in the southeast region.",Guangdong > Hunan > Guangxi,,N,,,Rank,
23_1D,19,Yes or no: the value of Tibet is similar to Qinghai.,Yes,,N,,,Binary,
23_1D,1,How many distinct categories does the legend contain?,6,,N,,,Count,
23_1D,5,Yes or no: the legend has multiple distinct colours.,Yes,,N,,,Binary,
23_1D,4,What value range does the lightest shade represent?,759.5 - 2110.9,,N,563.2-759.5,,Range,
23_1D,9,Does Hainan fall in the range 44.50 - 261.30?,Yes,,N,,,Binary,
23_1D,12,What is the least value range in the East China Sea region?,44.50 - 261.30,,N,,,Range,
23_8D,28,Which state bordering Russia has the same value as Hainan?,Inner Mongolia,d,N,,,List,
23_8D,43,"Rank the states Jilin, Liaoning and Tianjin in terms of the legend value in the northeast region.",Tianjin < Jilin < Liaoning,,N,,,Rank,
23_8D,36,Name the East-most state in the range 419.60 - 597.90.,Heilongjiang,,N,,,Single,
23_8D,11,Which states bordereing India belong to range 32.50 - 301.50?,Tibet,,N,,,List,
23_8D,5,Yes or no: the legend has multiple distinct colours.,Yes,,N,,,Binary,
23_8D,12,What is the highest value range in the East China Sea region?,755.90 - 1973.30,,N,,,Range,
23_8D,15,List the coastal states with the lowest values.,"Hainan, Tianjin",,N,,,List,
23_8D,26,Which states in the South China region have a value higher than 755.90?,Guangdong,,N,,,List,
23_8D,33,Yes or no: Henan and Anhui are the pair of bordering states with the highest difference.,Yes,,Y,but also XZ and SC??,,Binary,
23_8D,6,Yes or no: the map depicts percentages.,No,,N,,,Binary,
1_3D,43,"Rank the states Jilin, Xinjiang and Zhejiang in terms of the legend value.",Zhejiang > Jilin > Xinjiang,d,N,,,Rank,
1_3D,33,Yes or no: Beijing and Hebei are a pair of bordering states with the highest difference.,Yes,,Y,,,Binary,
1_3D,16,What value range does Hainan fall in?,12768.50 - 14384.00,,N,,,Range,
1_3D,1,How many distinct categories does the legend contain?,5,,N,,,Count,
1_3D,18,Yes or no: the value of Inner Mongolia is higher than its neighbouring state Gansu.,Yes,,N,,,Binary,
1_3D,27,Which states in the East China Sea region have a value similar to Ningxia?,"Shandong, Fujian",,N,"it is asking which, it is only FJ?",,List,
1_3D,35,How many states in the South China Sea region have a value similar to Beijing?,1,,N,,,Count,
1_3D,21,Yes or no: Tibet has the highest value in south east region.,No,,N,,,Binary,
1_3D,30,Does Inner Mongolia have the same value as Liaoning amongst the states in the northeast region.,Yes,,N,,,Binary,
1_3D,34,Yes or no: Guangdong is the South-most state that has a higher value compared to all its neighbours.,Yes,,Y,,,Binary,
3_2D,5,Yes or no: the legend has different shades of the same colour?,Yes,d,N,,,Binary,
3_2D,43,"Rank the states Hainan, Fujian and Inner Mongolia in terms of the legend value.",Hainan < Fujian < Inner Mongolia,,N,,,Rank,
3_2D,28,Which state in the northeast region has the same value as Hainan?,None,,N,,,List,
3_2D,20,Name the East-most state that belongs to a lower value range compared to all its neighbours.,Zhejiang,,Y,ZJ?,,Single,
3_2D,35,How many states in the East China Sea have a value similar to Zhejiang?,0,,N,none?,,Count,
3_2D,23,How many states in the South China Sea have a value lower than 2.50?,2,,N,,,Count,
3_2D,7,Is the legend discrete or continuous?,Discrete,,N,,,Single,
3_2D,9,Does Fujian fall in range 1.30 - 2.50?,No,,N,,,Binary,
3_2D,22,Yes or no: States bordering India have higher values on average than states bordering Russia.,No,,N,,,Binary,
3_2D,36,Name the South-most state in the highest range.,Shanghai,,N,,,Single,
6_0D,34,Yes or no: Guangdong is the South-most state that has a lower value compared to all its neighbours.,Yes,d,Y,,,Binary,
6_0D,31,Yes or no: a majority of states bordering Zhejiang belong to range greater than 4.40.,Yes,,Y,,,Binary,
6_0D,9,Does Inner Mongolia fall in the range 11.90 - 55.20?,Yes,,N,,,Binary,
6_0D,22,Yes or no: States bordering South China Sea have higher values on average than states bordering India.,Yes,,N,,,Binary,
6_0D,18,Yes or no: the value of Tibet is similar to its neighbouring state Xinjiang.,Yes,,Y,,,Binary,
6_0D,21,Yes or no: Inner Mongolia has the highest value in region bordering Russia.,Yes,,N,,,Binary,
6_0D,41,Are the legends evenly spaced?,No,,N,,,Single,
6_0D,1,How many distinct categories does the legend contain?,4,,N,,,Count,
6_0D,32,Yes or no: Tianjin is an outlier compared to other states in the northeast region.,Yes,,N,,,Binary,
6_0D,7,Is the legend discrete or continuous?,Discrete,,N,,,Single,
8_7D,9,Does Hainan fall in the highest range?,Yes,d,N,,,Binary,
8_7D,20,Name the East-most state that belongs to a similar value range compared to all its neighbours.,Heilongjiang,,Y,,,Single,
8_7D,41,Are the legends evenly spaced?,No,,N,,,Single,
8_7D,32,Yes or no: Sichuan is an outlier compared to other states in south central region.,Yes,,N,,,Binary,
8_7D,31,Yes or no: a majority of states in the north east region belong to range 0.25 - 3.59.,Yes,,N,,,Binary,
8_7D,42,"Yes/No: Guangxi has a higher value than Sichuan, and also have a similar value as Tibet.",Yes,,N,,,Binary,
8_7D,30,Does Guangdong have the same value as Hunan amongst the states in the southeast region.,Yes,,N,,,Binary,
8_7D,15,List the states bordering Zhejiang with the highest values.,Fujian,,Y,,,List,
8_7D,18,Yes or no: the value of Hebei is similar to its neighbouring state Inner Mongolia.,No,,N,,,Binary,
8_7D,34,Yes or no: Heilongjiang is the East-most state that has a similar value compared to all its neighbours.,Yes,,Y,,,Binary,
11_8D,23,How many states in the northeast region have a value lower than 457.82?,2,d,N,,,Count,
11_8D,13,Which coastal state has the highest value?,"Guangdong, Shandong, Jiangsu",,N,,,Single,
11_8D,1,How many distinct categories does the legend contain?,7,,N,,,Count,
11_8D,15,List the state in the South China region with the highest value.,Guangdong,,N,,,List,
11_8D,41,Are the legends evenly spaced?,No,,N,,,Single,
11_8D,16,What value range does Yunnan fall in?,972.54 - 1422.14,,N,,,Range,
11_8D,43,"Rank the states Henan, Shanxi and Shaanxi in terms of the legend value.",Henan > Shanxi > Shaanxi,,N,,,Rank,
11_8D,27,Which states in the north east region have a value similar to Chingqing?,None,,N,,,List,
11_8D,35,How many states bordering India have a value similar to Jilin?,1,,N,,,Count,
11_8D,34,Yes or no: Guangdong is the South-most state that has a higher value compared to all its neighbours.,Yes,,Y,,,Binary,
13_0D,6,Yes or no: Tibet has the highest value in south east region.,No,d,N,,,Binary,
13_0D,7,Is the legend discrete or continuous?,Discrete,,N,,,Single,
13_0D,41,Are the legends evenly spaced?,No,,N,,,Single,
13_0D,17,Count the coastal states with the values in range -12.60 - -4.40.,3,,N,,,Count,
13_0D,15,List the 2 states in the northeast region with the lowest values.,"Heilongjiang, Jilin",,N,,,List,
13_0D,26,Which states in the South China region have a value higher than -4.40?,None,,N,,,List,
13_0D,32,Yes or no: Gansu is an outlier compared to other states bordering Mongolia.,Yes,,N,,,Binary,
13_0D,21,Yes or no: Hainan has the highest value in the southeast region.,No,,N,,,Binary,
13_0D,16,What value range does Gansu fall in?,-4.40 - 4.40,,N,,,Range,
13_0D,43,"Rank the states Zhejiang, Fujian and Jiangxi in terms of the legend value.",Jiangxi < Fujian < Zhejiang,,N,,,Rank,
17_0D,8,Which class has the largest range of values?,267.00 - 958.40,d,N,,,Range,
17_0D,11,Which states in the South China Sea region belong to the highest range?,"Guangdong, Fujian",,N,,,List,
17_0D,6,Yes or no: the map depicts absolute values.,Yes,,N,,,Binary,
17_0D,1,How many distinct categories does the legend contain?,7,,N,,,Count,
17_0D,26,Which states bordering India have a value lower than 37.10?,Tibet,,N,,,List,
17_0D,2,Yes or no: in the legend the colour intensity is directly proportional to the value.,Yes,,N,,,Binary,
17_0D,20,Name the North most state that belongs to a lower value range compared to all its neighbours.,Heilongjiang,,Y,,,Single,
17_0D,22,Yes or no: States bordering Russia have lower values on average than states bordering Vietnam.,Yes,,N,,,Binary,
17_0D,40,Which pair of states belonging to the second lowest range are the closest to each other?,"Inner Mongolia, Shaanxi",,N,,,List,
17_0D,36,Name the South most state in the highest range.,Guangdong,,N,,,Single,
20_8D,3,What is the overall range of the legend?,96.99 - 48708,d,N,,,Range,
20_8D,9,Does Beijing fall in the lowest range?,Yes,,N,,,Binary,
20_8D,33,Yes or no: Guangdong and Hunan are a pair of bordering states with the highest difference.,Yes,,Y,,,Binary,
20_8D,16,What value range does Sichuan fall in?,9469.00 - 16744.00,,N,,,Range,
20_8D,11,Which states in the East China Sea region belong to the lowest range?,None,,N,shangai does not fall in east china sea region? if so then SH is answer,,List,
20_8D,6,Yes or no: the map depicts percentages.,No,,N,,,Binary,
20_8D,2,Yes or no: in the legend the colour intensity is inversely proportional to the value.,Yes,,N,,,Binary,
20_8D,39,Yes or no: all states bordering India have values in range 97 - 3686.,Yes,,N,,,Binary,
20_8D,20,Name the West most state that belongs to a similar value range compared to all its neighbours.,Xinjiang,,Y,,,Single,
20_8D,37,Which state in the South China Sea region borders at least 2 states from the second hgihest range?,Guangdong,,N,,,Single,
2_0C,6,Yes or no: the map depicts absolute values.,Yes,c,N,,,Binary,
2_0C,18,Yes or no: the value of the state Tibet is higher than its neighbouring state Qinghai.,Yes,,Y,,,Binary,
2_0C,11,Which states in the South China sea region belong to range <0?,None,,N,,,List,
2_0C,22,Yes or no: States bordering North Korea have higher values on average than states of South China sea region.,Yes,,N,,,Binary,
2_0C,26,Which states in the East China region have a value higher than 150?,None,,N,,,List,
2_0C,2,Yes or no: in the legend the colour intensity is directly proportional to the value.,Yes,,N,why?,,Binary,
2_0C,5,Yes or no: the legend has different shades of the same colour?,Yes,,N,,,Binary,
2_0C,20,Name the West-most state that belongs to a lower value range compared to all its neighbours.,Qinghai,,Y,,,Single,
2_0C,34,Yes or no: Qinghai is the North most state that has a higher value compared to all its neighbours.,No,,Y,,,Binary,
2_0C,21,Yes or no: Jilin has the highest value in the northeast region.,Yes,,N,,,Binary,
4_4C,22,Yes or no: States of the southeast region have higher values on average than states bordering Mongolia.,Yes,c,N,,,Binary,
4_4C,21,Yes or no: Tibet has the highest value in the India border region.,Yes,,N,,,Binary,
4_4C,5,Yes or no: the legend has different shades of the same colour?,Yes,,N,,,Binary,
4_4C,9,Does Hainan fall in the highest range?,No,,N,,,Binary,
4_4C,15,List the state bordering India with the highest values.,Tibet,,N,,,List,
4_4C,3,What is the overall range of the legend?,<-40 - 50,,N,-40 to 50,,Range,
4_4C,40,Which pair of states belonging to the range -20 - 0 are the closest to each other?,Xinjiang and Gansu,,N,,,List,
4_4C,33,Yes or no: Inner Mongolia and Heilongjiang are the pair of bordering states with the highest difference.,Yes,,N,,,Binary,
4_4C,19,Yes or no: the value of Tibet is similar to Hainan.,No,,N,,,Binary,
4_4C,28,Which state in the southeast region has the most different value to Xinjiang?,Hunan,,N,,,List,
7_0C,6,Yes or no: the map depicts percentages.,No,c,N,,,Binary,
7_0C,41,Are the legends evenly spaced?,Yes,,N,,,Single,
7_0C,11,Does Hainan fall in the highest range?,No,,N,,,Binary,
7_0C,5,Yes or no: the legend has different shades of the same colour?,Yes,,N,,,Binary,
7_0C,23,How many states bordering India have a value lower than 0?,1,,N,,,Count,
7_0C,32,Yes or no: Jiangsu is an outlier compared to other states in the East China Sea region.,Yes,,N,,,Binary,
7_0C,40,Which pair of states belonging to the lowest range are the closest to each other?,"Tibet, Qinghai",,N,,,List,
7_0C,35,How many states bordering Russia have a value similar to Tibet?,0,,N,,,Count,
7_0C,15,List the states bordering Inner Mongolia with the highest values.,Liaoning,,N,LN?,,List,
7_0C,37,Which state in north east region does not border any states from range 40-50?,Heilongjiang,,N,,,Single,
9_7C,21,Yes or no: Guangdong has the least value in the South China Sea region.,Yes,c,N,,,Binary,
9_7C,27,Which states in the East China Sea region have a value similar to Xinjiang?,None,,N,,,List,
9_7C,33,Yes or no: Inner Mongolia and Liaoning are the pair of bordering states with the highest difference.,No,,N,,,Binary,
9_7C,6,Yes or no: the map depicts absolute values.,Yes,,N,,,Binary,
9_7C,7,Is the legend continuous or discrete?,Continuous,,N,,,Single,
9_7C,3,What is the overall range of the legend?,<7 - >16,,N,7-16,,Range,
9_7C,28,Which state bordering Guangxi has the same value as Zhejiang?,Guangdong,,Y,,,List,
9_7C,23,How many states bordering Mongolia have a value lower than 12?,2,,N,NOT SURE,,Count,
9_7C,5,Yes or no: the legend has multiple distinct colours?,No,,N,NO?,,Binary,
9_7C,30,Does Jilin have the same value as Liaoning amongst the states in the northeast region.,No,,N,NO?,,Binary,
18_5C,26,Which states bordering Russia have a value higher than 120?,None,c,N,,,List,
18_5C,40,Which pair of states in the region bordering East China Sea belonging to the range 120 - 140 are the closest to each other?,"Jiangsu, Zhejiang",,N,,,List,
18_5C,15,List the 2 coastal states with the highest values.,"Guangdond, Shanghai",,N,,,List,
18_5C,11,Which states in the East China Sea region belong to range 60-80?,None,,N,,,List,
18_5C,30,Does Tibet have the same value as Xinjiang amongst the states bordering India.,No,,N,,,Binary,
18_5C,39,Yes or no: all states in the northeast region have values in range 20-40.,Yes,,N,,,Binary,
18_5C,12,What is the highest value range in the southeast region?,>140,,N,,,Range,
18_5C,3,What is the overall range of the legend?,<20 - >140,,N,,,Range,
18_5C,21,Yes or no: Guangdong has the highest value in the south east region.,Yes,,N,,,Binary,
18_5C,7,Is the legend discrete or continuous?,Continuous,,N,,,Single,
16_5C,9,Does the value of Guangdong fall in range >2500?,Yes,c,N,,,Binary,
16_5C,13,Which state has the highest value in the southeast region?,Guangdong,,N,,,Single,
16_5C,30,List the 2 coastal states with the highest values.,"Guangdong, Jiangsu",,N,NO,,Binary,
16_5C,11,Which states bordering Russia belong to the range >2500?,None,,N,,,List,
16_5C,31,Yes or no: a majority of states bordering Guangdong belong to the range less than 1000.,Yes,,Y,,,Binary,
16_5C,9,Does Jiangsu fall in the range <500?,No,,N,,,Binary,
16_5C,33,Yes or no: Guangdou and Guangxi are the pair of bordering states with the highest difference.,Yes,,Y,,,Binary,
16_5C,7,Is the legend discrete or continuous?,Continuous,,N,,,Single,
16_5C,21,Yes or no: Hainan has the least value in the South China Sea region.,Yes,,N,,,Binary,
16_5C,39,Yes or no: all states in the South China Sea region have values below 500.,No,,N,,,Binary,
21_0C,27,Which states in the northeast region have a value similar to Gaungxi?,"Heilongjiang, Liaoning",c,N,,,List,
21_0C,42,"Yes/No: Tibet has a lower value than Inner Mongolia, and also have a higher value than Xinjiang.",No,,N,,,Binary,
21_0C,2,Yes or no: in the legend the colour intensity is directly proportional to the value.,Yes,,N,,,Binary,
21_0C,20,Name the North most state that belongs to a higher value range compared to all its neighbours.,Inner Mongolia,,Y,,,Single,
21_0C,15,List the state bordering Russia with the second highest range values.,None,,N,,,List,
21_0C,11,Which states in the South China sea belong to the highest range?,None,,N,,,List,
21_0C,40,Which pair of states belonging to the range -20 - -10 are the closest to each other?,"Tibet, Qinghai",,N,,,List,
21_0C,43,"Rank the states Guangdong, Tibet and Qinghai in terms of the legend value.",Guangdong > Qinghai > Tibet,,N,,,Rank,
21_0C,41,Are the legends evenly spaced?,Yes,,N,,,Single,
21_0C,32,Yes or no: Tibet is an outlier compared to other states in western region.,Yes,,N,,,Binary,
23_8C,7,Is the legend discrete or continuous?,Continuous,c,N,,,Single,
23_8C,20,Name the South most state that belongs to a higher value range compared to all its neighbours.,Guangdong,,Y,,,Single,
23_8C,31,Yes or no: a majority of states bordering Russia belong to range less than 500.,Yes,,N,,,Binary,
23_8C,33,Yes or no: Tibet and Xinjiang are the pair of bordering states with the highest difference.,No,,Y,,,Binary,
23_8C,32,Yes or no: Inner Mongolia is an outlier compared to other states in the south east region.,No,,N,,,Binary,
23_8C,17,Count the states with the values in the range >1500 in the north east region.,0,,N,,,Count,
23_8C,11,Which states bordering India belong to range <250?,Tibet and Xinjiang,,Y,,,List,
23_8C,12,What is the highest value range in the East China Sea region?,1500 - 1750,,N,,,Range,
23_8C,3,What is the overall range of the legend?,<0 - >1500,,N,I can see 0 to 1500??,,Range,
23_8C,18,Yes or no: in the legend the colour intensity is directly proportional to the value.,Yes,,N,no?,,Binary,
6_0C,6,Yes or no: the map depicts percentages.,No,c,N,,,Binary,
6_0C,41,Are the legends evenly spaced?,Yes,,N,Yes?,,Single,
6_0C,3,What is the overall range of the legend?,<-10 - >50,,N,-10 to 50,,Range,
6_0C,7,Is the legend discrete or continuous?,Continuous,,N,,,Single,
6_0C,40,Which pair of states belonging to the lowest range are the closest to each other?,"Tibet, Qinghai",,N,Tibet and Qinghai,,List,
6_0C,35,How many states bordering Russia have a value similar to Tibet?,0,,Y,None?,,Count,
6_0C,30,Does Qinghai have the same value as Jilin?,No,,N,,,Binary,
6_0C,4,What value range does the darkest shade represent?,>50,,N,>50??,,Range,
6_0C,2,Yes or no: in the legend the colour intensity is directly proportional to the value.,Yes,,N,yes? because darker has higher values?,,Binary,
6_0C,5,Yes or no: the legend has different shades of the same colour?,No,,N,,,Binary,
13_4C,23,How many states bordering Russia have a value higher than 100?,0,c,Y,,,Count,
13_4C,11,Which state bordering North Korea belong to range 100 - 120?,None,,Y,,,List,
13_4C,19,Yes or no: the value of Guangdong is higher than Jilin.,No,,N,,,Binary,
13_4C,3,What is the overall range of the legend?,-40 - >120,,N,-40 to 120,,Range,
13_4C,35,How many states bordering India have a value lower than Fujian?,1,,Y,,,Count,
13_4C,36,Name the South most state with values in range >120.,Tibet,,N,,,Single,
13_4C,30,Does Jilin have the same value as Beijing amongst the states in the north east region.,No,,N,,,Binary,
13_4C,5,Yes or no: the legend has different shades of the same colour.,Yes,,N,,,Binary,
13_4C,28,Which state bordering South China Sea has the closest value to Xinjiang?,Hainan,,Y,,,List,
13_4C,34,Yes or no: Heilongjiang is the North most state that has a higher value compared to all its neighbours.,No,,Y,,,Binary,
2_0D,5,Yes or no: the legend has different shades of the same colour?,Yes,d,N,,,Binary,
2_0D,30,Does Hunan have the same value as Guangxi amongst the states in northeast region.,No,,N,,,Binary,
2_0D,22,Yes or no: Coastal states have higher values on average than inland states.,Yes,,N,,,Binary,
2_0D,6,Yes or no: the map depicts percentages.,No,,N,,,Binary,
2_0D,36,Name the South-most state in the lowest range.,Hainan,,N,,,Single,
2_0D,12,What is the least value range in the north-east region?,-6.10 - 10.90,,N,,,Range,
2_0D,34,Yes or no: Ningxia is the North most state that has a higher value compared to all its neighbours.,No,,Y,,,Binary,
2_0D,16,What value range does Yunnan fall in?,48.50 - 52.30,,N,,,Range,
2_0D,39,Yes or no: all states in the south east region have values above 48.50.,No,,N,,,Binary,
2_0D,16,What value range does Hainan fall in?,-6.10 - 10.90,,N,,,Range,
18_0D,32,Yes or no: Heilongjiang is an outlier compared to other states in the northeast region.,Yes,d,N,,,Binary,
18_0D,4,What value range does the darkest shade represent?,7.19 - 26.1,,N,why? dark is 7.19 to 26.1,,Range,
18_0D,41,Are the legends evenly spaced?,No,,N,,,Single,
18_0D,12,What is the highest value range in the north-east region?,151.60 - 525,,N,,,Range,
18_0D,37,Which state in the lowest range borders at least 2 states from range 26.10 - 48.30?,"Tibet, Gansu",,N,,,Single,
18_0D,43,"Rank the states Tibet, Xinjiang and Guangdong in terms of the legend value.",Tibet < Xinjiang < Guangdong,,N,,,Rank,
18_0D,5,Yes or no: the legend has multiple distinct colours?,No,,N,,,Binary,
18_0D,1,How many distinct categories does the legend contain?,6,,N,,,Count,
18_0D,21,Yes or no: Xinjiang has the least value in region bordering India.,Yes,,N,,,Binary,
18_0D,7,Is the legend discrete or continuous?,Discrete,,N,,,Single,
23_4D,42,"Yes/No: Qinghai has a lower value than Gansu, and also has a higher value than Sichuan",No,,N,,,Binary,
23_4D,2,Yes or no: in the legend the colour darkness is inversely proportional to the value.,Yes,,N,,,Binary,
23_4D,12,What is the lowest value range in the north-east region?,301.5 - 419.6,,N,,,Range,
23_4D,29,Which range has the highest number of states?,32.49 - 301.5,,N,,,Range,
23_4D,20,Name the east-most state that belongs to a lower value range compared to all its neighbours.,Tianjin,,Y,,,Single,
23_4D,33,Yes or no: Tibet and Xinjiang are the pair of bordering states with the highest difference.,No,,Y,,,Binary,
23_4D,21,Yes or no: Hainan has the highest value in the region bordering South China Sea,No,,Y,,,Binary,
23_4D,19,Yes or no: the value of the Yunnan is lower than Sichuan,Yes,,N,,,Binary,
23_4D,17,Count the states with the values in range 36.89 - 272.4 along Mongolia border,2,,N,,,Count,
23_4D,1,How many distinct categories does the legend contain?,6,,N,,,Count,
22_6D,3,What is the overall range of the legend?,2.93 - 2142.7,,N,,,Range,
22_6D,24,Yes or no: the median state range in the region along Mongolia's boder is 2.93 - 178.72,No,,N,,,Binary,
22_6D,27,Which states in the region bordering Vietnam have a value lower than state Guangxi?,Yunnan,,Y,,,List,
22_6D,13,Which state has the highest value in the region around the capital?,Heibei,,N,,,Single,
22_6D,25,What is the median range of the states in the region bordering Tibet?,351.74 - 518.81,,Y,,,Range,
22_6D,23,How many states in region bordering Xinjiang have a value higher than 518.81?,0,,Y,,,Count,
22_6D,41,Are the legends evenly spaced?,No,,N,,,Single,
22_6D,39,Yes or no: all states in region bordering Laos have values above 811.4?,No,,Y,,,Binary,
22_6D,43,"Rank the states Sichuan, Yunnan and Guizhou in terms of the legend value in the region Southwest China.",Guizhou < Yunnan < Sichuan,,N,,,Rank,
22_6D,5,Yes or no: the legend has multiple distinct colours?,Yes,,N,,,Binary,
21_2D,35,How many states in the region bordering Tibet have a value lower than state Xinjiang?,2,,Y,,,Count,
21_2D,26,Which states in region surrounding the capital have a value higher than 7.55?,0,,N,,,List,
21_2D,30,Does state Qinghai have the most different value to state Sichuan amongst the states in the western region?,Yes,,N,,,Binary,
21_2D,18,Yes or no: the value of the state Xinjiang is higher than its neighbouring state Gansu.,No,,Y,,,Binary,
21_2D,37,Which state in region Northwest China borders at least 3 states from range 7.55 - 20.5?,Qinghai,,N,,,Single,
21_2D,22,Yes or no: States of region Southwest China have lower values on average than states of region Northwest China.,Yes,,N,,,Binary,
21_2D,38,Yes or no: the value of state Tibet is below the median value amongst states in the region bordering Tibet.,Yes,,Y,,,Binary,
21_2D,6,Yes or no: the map depicts percentages.,No,,N,,,Binary,
21_2D,28,Which state in region East China has the same value to state Shandong?,Jiangsu,,N,,,List,
21_2D,9,Does state Hunan fall in range 5.2 - 7.55?,No,,N,,,Binary,
20_0D,32,Yes or no: Xinjiang is an outlier compared to other states in Northwest China.,Yes,,N,,,Binary,
20_0D,34,Yes or no: Hainan is the South-most state that has a higher value compared to all its neighbours.,No,,Y,,,Binary,
20_0D,15,List the 3 states in Northwest China with the lowest values.,"Qinghai, Gansu, Ningxia",,N,,,List,
20_0D,11,Which states in Northeast China belongs to range 5812.0 - 9432.0?,Liaoning,,N,,,List,
20_0D,8,Which class has the largest range of values?,20691.0 - 70702.0,,N,,,Range,
20_0D,40,Which pair of states belonging to the range N/A are the closest to each other?,None,,N,,,List,
20_0D,4,What value range does the darkest shade represent?,189.99 - 3216.0,,N,,,Range,
20_0D,36,Name the East-most state in the range 5812.0 - 9432.0.,Shanghai,,N,,,Single,
20_0D,16,What value range does Guangxi fall in?,5812.0 - 9432.0,,N,,,Range,
20_0D,31,Yes or no: a majority of states in Southwest China belong to values more than 9432.0.,No,,N,,,Binary,
20_0D,7,Is the legend discrete or continuous?,Discrete,,N,,,Single,
9_0C,21,Yes or no: Tibet has the highest value in the region bordering India.,Yes,,N,,,Binary,
9_0C,24,Yes or no: the median state value in the region bordering Vietnam lies between 4 and 6.,No,,Y,,,Binary,
9_0C,18,Yes or no: the value of Sichuan is higher than its neighbouring state Guizhou.,No,,Y,,,Binary,
9_0C,42,"Yes/No: Xinjiang has a higher value than Tibet, and also has a higher value than Inner Mongolia",No,,N,,,Binary,
9_0C,22,Yes or no: States of region North-east China have higher values on average than states of region South-east China.,No,,N,,,Binary,
9_0C,27,Which states in the region including the bordering countries Vietnam have a higher value than Hainan?,None,,Y,,,List,
9_0C,38,Yes or no: the value of Jiangxi is above the median value amongst states in the region including the bordering countries of Mongolia?,Yes,,N,,,Binary,
9_0C,16,Between which two legend markings does the state Tibet fall in?,12 - 14,,N,,,Range,
9_0C,7,Is the legend continuous or discrete?,Continuous,,N,,,Single,
9_0C,23,How many states in region East China have a value higher than 14?,0,,N,,,Count,
12_2C,43,"Rank the states Sichuan, Yunnan, Guizhou in terms of the legend value in region Southwest China.",Guizhou < Yunnan < Sichuan,,N,,,Rank,
12_2C,36,Name the eastmost state with values in range 1000 - 1500.,Shandong,,N,,,Single,
12_2C,30,Does Xinjiang have the same value to Tibet amongst the states in the region bordering Xinjiang?,No,,Y,,,Binary,
12_2C,6,Yes or no: the map depicts percentages.,No,,N,,,Binary,
12_2C,3,What is the overall range of the legend?,<0 - >1500,,N,,,Range,
12_2C,13,Which state has the highest value in the region South China?,Guangdong,,N,,,Single,
12_2C,17,Count the states with the values in range 1000 - 1500 in the region bordering Mongolia.,0,,N,,,Count,
12_2C,20,Name the west state that has a higher value compared to all its neighbours.,Xinjiang,,Y,,,Single,
12_2C,5,Yes or no: the legend has multiple distinct colours?,No,,N,,,Binary,
12_2C,32,Yes or no: Fujian is an outlier compared to other states bordering the South China Sea,No,,Y,,,Binary,
21_1C,28,Which state in the region including the bordering countries of Mongolia have the closest value to Shanxi?,Xinjiang,,N,,,List,
21_1C,40,Which pair of states belonging to the range -10 - -5 are the closest to each other?,"Guizhou, Shanxi",,N,,,List,
21_1C,35,How many states in the region bordering Laos have a higher value than Guangxi?,0,,Y,,,Count,
21_1C,15,List the 1 state in the region East China with the highest value.,Anhui,,N,,,List,
21_1C,2,Yes or no: in the legend the colour intensity is directly proportional to the value.,Yes,,N,,,Binary,
21_1C,34,Yes or no: Shanxi is the east state that has a higher value compared to all its neighbours?,No,,Y,,,Binary,
21_1C,19,Yes or no: the value of the Hubei is higher than that of Yunnan.,Yes,,N,,,Binary,
21_1C,39,Yes or no: all states in East China have values above -5.,Yes,,N,,,Binary,
21_1C,31,Yes or no: a majority of states in the region bordering Xinjiang have values less than -10?,No,,Y,,,Binary,
21_1C,33,Yes or no: Sichuan and Yunnan are the pair of bordering states with the highest difference?,No,,Y,,,Binary,
20_0C,10,Is the value of Guangdong closer to 70k or 10k?,70k,,N,,,Single,
20_0C,9,Does the value of Xinjiang fall in range 30k - 40k?,No,,N,,,Binary,
20_0C,26,Which states in region bordering Inner Mongolia have a value higher than 50k?,None,,N,,,List,
20_0C,11,Which states in the region South China belong to range 30k - 40k?,Fujian,,N,,,List,
20_0C,27,Which states in region North China have a value lower than state Hebei?,"Inner Mongolia, Shanxi, Beijing, Tianjin",,N,,,List,
20_0C,42,"Yes/No: Hubei has a higher value than Jiangsu, and also have a higher value than Anhui",No,,N,,,Binary,
20_0C,16,Between which two legend markings does state Guangxi fall in?,10k - 20k,,N,,,Range,
20_0C,23,How many states in region Northeast China have a value lower than 0?,0,,N,,,Count,
20_0C,15,List the 2 states in the region East China with the highest values.,"Jiangsu, Zhejiang",,N,,,List,
20_0C,3,What is the overall range of the legend?,<0 - 70k,,N,,,Range,
19_4D,30,Does Xinjiang have the same value as Tibet?,No,,N,,,Binary,
19_4D,28,Which states in the region bordering Vietnam have the same value to Guangxi?,Yunnan,,Y,,,List,
19_4D,27,Which states in the region bordering Mongolia have a value lower than Inner Mongolia?,"Xinjiang, Gansu",,N,,,List,
19_4D,41,Are the legends evenly spaced?,No,,N,,,Single,
19_4D,5,Yes or no: the legend has different shades of the same colour?,No,,N,,,Binary,
19_4D,16,What value range does Sichuan fall in?,50.9 - 71.2,,N,,,Range,
19_4D,19,Yes or no: the value of the Yunnan is higher than Guizhou.,Yes,,N,,,Binary,
19_4D,6,Yes or no: the map depicts percentages.,No,,N,,,Binary,
19_4D,13,Which state has the highest value in the region bordering India?,,,N,,,Single,
19_4D,25,What is the median range of the states in the region bordering Laos?,36.1 - 45.3,,Y,,,Range,
18_2D,7,Is the legend discrete or continuous?,Discrete,,N,,,Single,
18_2D,24,Yes or no: the median state range in the region bordering Vietnam is 23.7 - 36.0,No,,Y,,,Binary,
18_2D,15,List the state in the region bordering Myanmar with the highest value.,Yunnan,,Y,,,List,
18_2D,31,Yes or no: a majority of states in the region bordering Mongolia have values more than 66.1.,No,,N,,,Binary,
18_2D,33,Yes or no: Xinjiang and Tibet are the pair of bordering states with the highest difference.,No,,Y,,,Binary,
18_2D,34,Yes or no: Hainan is the Southmost state that has a higher value compared to all its neighbours.,Yes,,Y,,,Binary,
18_2D,32,Yes or no: state Tibet is an outlier compared to other states in the same region,No,,N,,,Binary,
18_2D,35,How many states in the region bordering South Korea have a value lower than state Beijing?,0,,Y,,,Count,
18_2D,26,Which states in the region bordering North Korea have a value higher than 36.0?,Liaoning,,N,,,List,
18_2D,12,What is the highest value range in the region bordering Russia?,23.7 - 36.0,,N,,,Range,
17_2D,11,Which states in the region bordering Vietnam belong to range 53.3 - 71.6?,Guangxi,,Y,,,List,
17_2D,22,Yes or no: States of the region bordering Mongolia have lower values on average than states of the region bordering Myanmar.,Yes,,N,,,Binary,
17_2D,9,Does Xinjiang fall in range 6.09 - 35.7?,No,,N,,,Binary,
17_2D,20,Name the westmost state that belongs to the higher category compared to all its neighbours.,Xinjiang,,Y,,,Single,
17_2D,23,How many states in the region bordering Russia have a value lower than 53.3?,2,,N,,,Count,
17_2D,42,"Yes/No: Sichuan has a higher value than Yunnan, and also has a higher value than Guizhou",No,,N,,,Binary,
17_2D,4,What value range does the second lightest shade represent?,166.9 - 232.6,,N,,,Range,
17_2D,18,Yes or no: the value of Guangxi is lower to its neighbouring state Guangdong.,Yes,,Y,,,Binary,
17_2D,3,What is the overall range of the legend?,6.09 - 1027.6,,N,,,Range,
17_2D,17,Count the states with the values in range 232.6 - 1027.6 in the region bordering the South China Sea.,2,,Y,,,Count,
16_3D,2,Yes or no: in the legend the colour intensity is directly proportional to the value.,Yes,,N,,,Binary,
16_3D,36,Name the westmost state in the range 1194.2 - 3637.8,Sichuan,,N,,,Single,
16_3D,21,Yes or no: Tibet has the highest value in the region of the Himalayas.,No,,N,,,Binary,
16_3D,40,Which pair of states belonging to the range 981.7 - 1194.2 are the closest to each other?,"Henan, Anhui",,N,,,List,
16_3D,8,Which class has the largest range of values?,1194.2 - 3637.8,,N,,,Range,
16_3D,1,How many distinct categories does the legend contain?,6,,N,,,Count,
16_3D,39,Yes or no: all states neighboring Xinjiang have values above 362.5.,No,,N,,,Binary,
16_3D,37,Which state bordering Tibet borders at least 3 states from range 362.5 - 615.2?,Sichuan,,Y,,,Single,
16_3D,43,"Rank the states Tibet, Xinjiang and Sichuan in terms of the legend value.",Tibet = Xinjiang < Sichuan,,N,,,Rank,
16_3D,29,Which range has the most number of states?,81.69 - 362.5,,N,,,Range,
19_0C,30,Does Tibet have the same value to state Xinjiang amongst the states in region Western China.,No,,N,,,Binary,
19_0C,6,Yes or no: the map depicts percentages.,No,,N,,,Binary,
19_0C,38,Yes or no: the value of state Tibet is above the median value amongst states in region Western China.,No,,N,,,Binary,
19_0C,2,Yes or no: in the legend the colour intensity is directly proportional to the value.,Yes,,N,,,Binary,
19_0C,34,Yes or no: Inner Mongolia is the northmost state that has a higher value compared to all its neighbours.,No,,N,,,Binary,
19_0C,7,Is the legend continuous or discrete?,Continuous,,N,,,Single,
19_0C,5,Yes or no: the legend has multiple distinct colours?,No,,N,,,Binary,
19_0C,31,Yes or no: a majority of states in region Western China have values less than 250,Yes,,N,,,Binary,
19_0C,27,Which states in region Western China have a value similar to Tibet?,Qinghai,,N,,,List,
19_0C,23,How many states in region eastern China have a value lower than 50?,0,,N,,,Count,
18_3C,36,Name the South-most state with values in range >250,Guangdong,,N,,,Single,
18_3C,28,Which state in region bordering Tibet have the closest value to state Sichuan?,Yunnan,,Y,,,List,
18_3C,18,Yes or no: the value of Guangdong is lower to its neighbouring state Fujian.,No,,Y,,,Binary,
18_3C,35,How many states in region bordering Mongolia have a value higher than state Shandong?,0,,N,,,Count,
18_3C,10,Is the value of state Beijing closer to 50 or 200?,200,,N,,,Single,
18_3C,19,Yes or no: the value of Jiangsu is higher than Hunan.,Yes,,N,,,Binary,
18_3C,11,Which states in the region South China belong to range 200 - 250?,None,,N,,,List,
18_3C,43,"Rank the states Xinjiang, Gansu and Qinghai in terms of the legend value in region Northwest China.",Qinghai < Gansu < Xinjiang,,N,,,Rank,
18_3C,3,What is the overall range of the legend?,<0 - >250,,N,,,Range,
18_3C,13,Which state has the lowest value in the region Northeast China?,Heilongjiang,,N,,,Single,
17_2C,16,Between which two legend markings does Xinjiang fall in?,0 - 200,,N,,,Range,
17_2C,15,List the state in the region bordering Mongolia with the highest value.,Inner Mongolia,,N,,,List,
17_2C,39,Yes or no: all states in region bordering Vietnam have values above 600.,No,,Y,,,Binary,
17_2C,9,Does the value of Guangdong fall in range 200-400?,No,,N,,,Binary,
17_2C,32,Yes or no: Tibet is an outlier compared to other states bordering Tibet.,No,,Y,,,Binary,
17_2C,21,Yes or no: Shandong has the highest value in the region East of the Yellow Sea.,No,,N,,,Binary,
17_2C,26,Which states in the region bordering North Korea have a value lower than 0?,Heilongjiang,,N,,,List,
17_2C,42,"Yes/No: Hunan has a higher value than state Heinan, and also have a higher value than state Hubei",No,,N,,,Binary,
17_2C,24,Yes or no: the median state value in region bordering Laos lies between 800 and 1000.,No,,Y,,,Binary,
17_2C,17,Count the states with the values in range 400-600 in the region bordering Laos.,0,,Y,,,Count,
16_3C,33,Yes or no: Xinjiang and Tibet are the pair of bordering states with the highest difference.,No,,Y,,,Binary,
16_3C,40,Which pair of states belonging to the range of states bordering Vietnam are the closest to each other?,"Yunnan, Guangxi",,Y,,,List,
16_3C,20,Name the East-most state that has a higher value compared to all its neighbours.,Jiangsu,,Y,,,Single,
16_3C,22,Yes or no: States of the region bordering Mongolia have higher values on average than states of the region bordering Vietnam.,No,,N,,,Binary,
16_3C,26,Which states in the region bordering Laos have a value lower than 2500?,Yunnan,,Y,,,List,
16_3C,11,Which states in the region of South China belong to the range 3000 - 3500?,Guangdong,,N,,,List,
16_3C,32,Yes or no: state Xinjiang is an outlier compared to other states in the region of Northwest China.,No,,N,,,Binary,
16_3C,17,Count the states with values between 0 to 500 in the region of East China.,0,,N,,,Count,
16_3C,35,How many states in the region of Northeast China have value lower than the state of Guangdong?,3,,N,,,Count,
1_2D,32,Yes or no: Xinjiang is an outlier compared to other states in the region of Northwest China.,No,,N,,,Binary,
1_2D,15,List the 3 states in the region of Northwest China with the highest values.,"Ningxia, Shaanxi, Qinghai",,N,,,List,
1_2D,22,Yes or no: States of region of Northwest China have higher values on average than states of region of Southwest China.,Yes,,N,,,Binary,
1_2D,5,Yes or no: the legend has multiple distinct colours?,Yes,,N,,,Binary,
1_2D,41,Are there significant gaps between certain ranges?,Yes,,N,,,Single,
1_2D,13,Which state has the highest value in the region of Northwest China?,Ningxia,,N,,,Single,
1_2D,40,Which pair of states belonging to the range 16289.0 - 20831.0 are the closest to each other?,"Chongqing, Hubei",,N,,,List,
1_2D,36,Name the East-most state in the range 14152.5 - 16289.0,Jilin,,N,,,Single,
1_2D,9,Does state Xinjiang fall in range 20831.5 - 45816.0?,No,,N,,,Binary,
2_4D,30,Does Xinjiang have the same value to Tibet?,No,,N,,,Binary,
2_4D,8,Which class has the largest range of values?,17.0 - 51.9,,N,,,Range,
2_4D,11,Which states in region Northwest China belong to range 17.0 - 51.9?,Qinghai,,N,,,List,
2_4D,28,Which states in region Western China have the same value to Xinjiang?,Gansu,,N,,,List,
2_4D,23,How many states in region Northwest China have a value in range 7.2 - 17.0?,0,,N,,,Count,
2_4D,17,Count the states with the values in range 17.0 - 51.9 in the region South China.,1,,N,,,Count,
2_4D,39,Yes or no: all states in region Southern China have values above 17.0,No,,N,,,Binary,
2_4D,26,Which states in region Northwest China have a value lower than -18.3?,Ningxia,,N,,,List,
2_4D,6,Yes or no: the map depicts absolute values.,No,,N,,,Binary,
2_4D,33,Yes or no: Tibet and Xinjiang are the pair of bordering states with the highest difference.,No,,Y,,,Binary,
3_3D,20,Name the northmost state that belongs to the highest category compared to all its neighbours.,Sichuan,,Y,,,Single,
3_3D,6,Yes or no: the map depicts absolute values.,Yes,,N,,,Binary,
3_3D,31,Yes or no: a majority of states in the region around the capital belong to values greater than 3.5,No,,N,,,Binary,
3_3D,16,What value range does Xinjiang fall in?,1.39 - 2.6,,N,,,Range,
3_3D,4,What value range does the darkest shade represent?,1.39 - 2.6,,N,,,Range,
3_3D,42,"Yes/No: Sichuan has a higher value than Guizhou, and also have a higher value than Yunnan",Yes,,N,,,Binary,
3_3D,21,Yes or no: Guangxi has the lowest value in the region bordering South China Sea.,Yes,,Y,,,Binary,
3_3D,12,What is the highest value range in the region around the capital?,3.4 - 3.5,,N,,,Range,
3_3D,37,Which state in the region borderring Mongolia borders at least 2 states from range 3.5 - 4.0?,Inner Mongolia,,N,,,Single,
3_3D,24,Yes or no: the median state range in the region around the capital is 3.4 - 3.5.,No,,N,,,Binary,
5_0D,27,Which states in the region bordering Vietnam have a value higher than state Guangxi?,Yunnan,,Y,,,List,
5_0D,2,Yes or no: in the legend the colour darkness is inversely proportional to the value.,Yes,,N,,,Binary,
5_0D,35,How many states in region bordering Xinjiang have a value lower than state Xinjiang?,0,,Y,,,Count,
5_0D,1,How many distinct categories does the legend contain?,5,,N,,,Count,
5_0D,34,Yes or no: Hainan is the South-most state that has a higher value compared to all its neighbours.,No,,Y,,,Binary,
5_0D,3,What is the overall range of the legend?,4.96 - 9.09,,N,,,Range,
5_0D,19,Yes or no: the value of the Tibet is higher than Sichuan.,No,,N,,,Binary,
5_0D,7,Is the legend discrete or continuous?,Discrete,,N,,,Single,
5_0D,38,Yes or no: the value of Yunnan is above the median value amongst states in region bordering Myanmar.,Yes,,Y,,,Binary,
5_0D,29,Which range has the fewest number of states?,4.96 - 6.34,,N,,,Range,
2_1C,22,Yes or no: States of the region bordering Xinjiang have higher values on average than states of the region bordering Tibet.,Yes,,Y,,,Binary,
2_1C,40,Which pair of states belonging to the range 40 - 50 are the closest to each other?,"Ningxia, Shanxi",,N,,,List,
2_1C,20,Name the East-most state that has a higher value compared to all its neighbours.,Heilongjiang,,Y,,,Single,
2_1C,38,Yes or no: the value of state Jiangsu is above the median value amongst states in region East China.,Yes,,N,,,Binary,
2_1C,36,Name the North-most state with values in range 30 - 40.,Heilongjiang,,N,,,Single,
2_1C,18,Yes or no: the value of the state Zhejiang is higher to its neighbouring state Anhui.,No,,Y,,,Binary,
2_1C,34,Yes or no: Guangxi is the South-most state that has a higher value compared to all its neighbours.,No,,Y,,,Binary,
2_1C,35,How many states in region South China have a value higher than state Guangdong?,0,,N,,,Count,
2_1C,6,Yes or no: the map depicts percentages.,No,,N,,,Binary,
2_1C,27,Which states in region East China have a value lower than state Jiangxi?,"Zhejiang, Shandong",,N,,,List,
3_0C,30,Does Xinjiang have the same value to state Tibet?,No,,N,,,Binary,
3_0C,42,"Yes/No: Sichuan has a higher value than Tibet, and also has a similar value to Qinghai",No,,N,,,Binary,
3_0C,26,Which states in the region bordering Mongolia have a value lower than 4.5?,"Inner Mongolia, Gansu, Xinjiang",,N,,,List,
3_0C,2,Yes or no: in the legend the colour darkness is inversely proportional to the value.,No,,N,,,Binary,
3_0C,19,Yes or no: the value of the state Guangdong is similar to state Guangxi.,Yes,,N,,,Binary,
3_0C,10,Is the value of state Sichuan closer to Shanxi or Gansu?,Shanxi,,N,,,Single,
3_0C,33,Yes or no: Heilongjiang and Jilin are the pair of bordering states with the highest difference.,No,,Y,,,Binary,
3_0C,15,List the 2 states in the region bordering North Korea with the highest values.,"Liaoning, Jilin",,N,,,List,
3_0C,32,Yes or no: Hainan is an outlier compared to other states in the region bordering South China Sea.,No,,Y,,,Binary,
3_0C,31,Yes or no: a majority of states in the region bordering Laos have values greater than 2.,Yes,,Y,,,Binary,
4_3C,9,Does the value of state Tibet fall in range -30 - -20?,No,,N,,,Binary,
4_3C,5,Yes or no: the legend has multiple distinct colours?,No,,N,,,Binary,
4_3C,24,Yes or no: the median state value in region bordering Tibet lies between -10 and 10.,Yes,,Y,,,Binary,
4_3C,17,Count the states with the values in range -40 - -30 in the region bordering Xinjiang.,0,,Y,,,Count,
4_3C,23,How many states in region bordering Tibet have a value lower than -20?,0,,Y,,,Count,
4_3C,16,Between which two legend markings does state Xinjiang fall in?,-10 - 0,,N,,,Range,
4_3C,21,Yes or no: state Xinjiang has the highest value in the northwest region.,No,,N,,,Binary,
4_3C,11,Which states in the region bordering Mongolia belong to range >20?,Gansu,,N,,,List,
4_3C,7,Is the legend continuous or discrete?,Continuous,,N,,,Single,
4_3C,39,Yes or no: all states in region bordering South China Sea have values above -10.,Yes,,Y,,,Binary,
5_4C,13,Which state has the highest value in the region bordering Vietnam?,Yunnan,,Y,,,Single,
5_4C,43,"Rank the states Heilongjiang, Jilin and Liaoning in terms of the legend value in the northeast region.",Jilin < Heilongjiang < Liaoning,,N,,,Rank,
5_4C,3,What is the overall range of the legend?,4.5 - >7,,N,,,Range,
5_4C,28,Which state in the region bordering Laos have the closest value to Sichuan?,Yunnan,,Y,,,List,
5_4C,20,Name the East-most state that has a higher value compared to all its neighbours.,Heilongjiang,,Y,,,Single,
5_4C,28,Which state in the region bordering North Korea have the furthest value to Sichuan?,Jilin,,N,,,List,
5_4C,18,Yes or no: the value of the state Guangdong is higher to its neighbouring state Guangxi.,No,,Y,,,Binary,
5_4C,7,Is the legend continuous or discrete?,Continuous,,N,,,Single,
5_4C,24,Yes or no: the median state value in the region bordering Myanmar lies between 20 and 30.,No,,Y,,,Binary,
5_4C,33,Yes or no: Qinghai and Tibet are the pair of bordering states with the highest difference.,No,,Y,,,Binary,
6_2D,42,"Yes/No: Xinjiang has a higher value than Tibet, and also has a higher value than Qinghai",Yes,,N,,,Binary,
6_2D,6,Yes or no: the map depicts percentages.,No,,N,,,Binary,
6_2D,2,Yes or no: in the legend the colour darkness is directly proportional to the value.,Yes,,N,,,Binary,
6_2D,27,Which states in the region bordering Vietnam have a value higher than Guangdong?,None,,Y,,,List,
6_2D,33,Yes or no: Guangdong and Guangxi are the pair of bordering states with the highest difference.,No,,Y,,,Binary,
6_2D,30,Does Yunnan have the most different value to Guangxi amongst the states in the region bordering Vietnam.,No,,Y,,,Binary,
6_2D,12,What is the highest value range in the region bordering North Korea?,4.6 - 26.7,,N,,,Range,
6_2D,32,Yes or no: Hainan is an outlier compared to other states in the region bordering South China Sea.,No,,Y,,,Binary,
6_2D,5,Yes or no: the legend has multiple distinct colours?,Yes,,N,,,Binary,
6_2D,37,Which state in the region bordering Mongolia borders at least 2 states from range -22.81 - -1.4?,Inner Mongolia,,N,,,Single,
8_0D,38,Yes or no: the value of state Xinjiang is below the median value amongst states in the region bordering Tibet.,No,,Y,,,Binary,
8_0D,28,Which states in the region of the Tibetan Plateau have the same value to Yunnan?,Gansu,,N,,,List,
8_0D,22,Yes or no: States of region South China have higher values on average than states of region North China.,Yes,,N,,,Binary,
8_0D,8,Which class has the largest range of values?,0.66 - 8.76,,N,,,Range,
8_0D,40,Which pair of states belonging to the range N/A are the closest to each other?,None,,N,,,List,
8_0D,13,Which state has the highest value in the region of North China?,-0.28 - 0.66,,N,,,Single,
8_0D,20,Name the northmost state that belongs a higher value range compared to all its neighbours.,Beijing,,Y,,,Single,
8_0D,17,Count the states with the values in range -5.76 - -1.91 in the region South China.,0,,N,,,Count,
8_0D,41,Are the legends evenly spaced?,No,,N,,,Single,
8_0D,3,What is the overall range of the legend?,-5.76 - 8.76,,N,,,Range,
8_0D,7,Is the legend discrete or continuous?,Discrete,,N,,,Single,
11_5D,18,Yes or no: the value of the Xinjiang is higher than its neighbouring state Tibet.,Yes,,Y,,,Binary,
11_5D,9,Does state Tibet fall in range 10.35 - 307.49?,Yes,,N,,,Binary,
11_5D,35,How many states in region Eastern China have a value lower than state Guangdong?,2,,N,,,Count,
11_5D,43,"Rank the states Sichuan, Yunnan and Guizhou in terms of the legend value in region Southwestern China.",Guizhou < Yunnan < Sichuan,,N,,,Rank,
11_5D,15,List the state in the region Southern China with the highest values.,Guangdong,,N,,,List,
11_5D,23,How many states in region Northern China have a value higher than 1222.33?,1,,N,,,Count,
11_5D,24,Yes or no: the median state range in region bordering Mongolia is 307.49 - 670.77.,No,,N,,,Binary,
11_5D,34,Yes or no: Xinjiang is the West-most state that has a higher value compared to all its neighbours.,Yes,,Y,,,Binary,
11_5D,31,Yes or no: a majority of states in region Northeastern China belong to range 1222.33 - 2232.68.,No,,N,,,Binary,
11_5D,39,Yes or no: all states in region Southern China have values above 307.49.,Yes,,N,,,Binary,
14_0D,26,Which states in the region bordering Inner Mongolia have a value lower than 17087.45?,4,,N,,,List,
14_0D,11,Which states in region bordering Xinjiang belong to range 17087.45 - 28826.1?,0,,Y,,,List,
14_0D,1,How many distinct categories does the legend contain?,5,,N,,,Count,
14_0D,4,What value range does the darkest shade represent?,2150.19 - 17087.45,,N,,,Range,
14_0D,36,Name the East-most state in the range 28826.1 - 49661.85.,Shanghai,,N,,,Single,
14_0D,25,What is the median range of the states in region Southwest China?,17087.45 - 28826.1,,N,,,Range,
14_0D,29,Which range has the smallest number of states?,2150.19 - 17087.45,,N,,,Range,
14_0D,21,Yes or no: state Sichuan has the highest value in region Southwest China.,Yes,,N,,,Binary,
14_0D,19,Yes or no: the value of the state Guizhou is higher than state Hunan.,No,,N,,,Binary,
14_0D,7,Is the legend discrete or continuous?,Discrete,,N,,,Single,
6_1C,13,Which state has the highest value in the region bordering Vietnam?,Guangxi,,Y,,,Single,
6_1C,23,How many states in the region bordering the South China Sea have a value lower than -15?,0,,Y,,,Count,
6_1C,9,Does the value of Qinghai fall in range 10 - 15?,No,,N,,,Binary,
6_1C,42,"Yes/No: Sichuan has a higher value than Hubei, and also has a higher value than Hunan",No,,N,,,Binary,
6_1C,16,Between which two legend markings does Xinjiang fall in?,10 - 15,,N,,,Range,
6_1C,6,Yes or no: the map depicts percentages.,No,,N,,,Binary,
6_1C,38,Yes or no: the value of Shandong is above the median value amongst states in the region bordering the Yellow Sea.,No,,Y,,,Binary,
6_1C,40,Which pair of states belonging to the range 10 - 15 are the closest to each other?,"Xinjiang, Guangxi",,N,,,List,
6_1C,2,Yes or no: in the legend the colour darkness is directly proportional to the value.,Yes,,N,,,Binary,
6_1C,5,Yes or no: the legend has multiple distinct colours?,Yes,,N,,,Binary,
8_6C,22,Yes or no: States bordering Tibet have higher values on average than states of the region surrounding Beijing.,Yes,,Y,,,Binary,
8_6C,17,Count the states with the values in range 0 - 2 in the region bordering Inner Mongolia.,3,,N,,,Count,
8_6C,15,List the 3 states in the region bordering Xinjiang with the highest values.,"Tibet, Qinghai, Gansu",,Y,,,List,
8_6C,32,Yes or no: state Hainan is an outlier compared to other states in the region bordering South China Sea,No,,Y,,,Binary,
8_6C,19,Yes or no: the value of the state Guangdong is higher than state Guangxi.,No,,N,,,Binary,
8_6C,26,Which states in region bordering Sichuan have a value higher than 8?,Tibet,,Y,,,List,
8_6C,11,Which states in the region east of the country belong to range <0?,None,,N,,,List,
8_6C,20,Name the Northmost state that has a higher value compared to all its neighbours.,Xinjiang,,Y,,,Single,
8_6C,24,Yes or no: the median state value in region bordering Hunan lies between 4 and 8.,Yes,,Y,,,Binary,
8_6C,21,Yes or no: state Shandong has the lowest value in region bordering the Yellow Sea.,No,,Y,,,Binary,
8_6C,6,Yes or no: the map depicts percentages.,No,,N,,,Binary,
8_6C,7,Is the legend continuous or discrete?,Continuous,,N,,,Single,