map_no,template_no,question,ground_truth,verified answer,c_or_d,relative_region (y/n),
8808,20,Name the North most state that belongs to a higher value range compared to all its neighbours.,Washington,Washington,d,Y,
8808,21,Yes or no: state Georgia has the highest value in the south east region.,No,No,,N,
8808,12,What is the highest value range in the west coast region?,1937-6710,1937-6710,,N,
8808,32,Yes or no: state California is an outlier compared to its neighbours.,Yes,Yes,,Y,
8808,1,How many distinct categories does the legend contain?,4,4,,N,
8808,36,Name the Northern most state in the range 550-1094.,Minnesota,Minnesota,,N,
8808,17,Count the states with the values in range 1937-6710 in the east coast region.,2,2,,N,
8808,26,Which states bordering Texas have a value higher than Indiana?,None,None,,Y,
8808,5,Yes or no: the legend has different shades of the same colour?,Yes,Yes,,N,
8808,43,"Rank the states California, Oregon, and Washington in terms of the legend value in the West Coast region?",Oregon < Washington < California,Oregon < Washington < California,,Y,
5,7,Is the legend discrete or continuous?,Continuous,Continuous,c,N,
5,19,Yes or no: the value of the state Florida is similar to state Maine.,No,No,,N,
5,42,"Yes/No: Kentucky has a lower value than state Florida, and also a similar value as state Montana.",Yes,Yes,,N,
5,34,Yes or no: Maine is the North eastern-most state that has a similar value compared to all its neighbours.,Yes,Yes,,Y,
5,30,Does California have the same value to state Oregon?,Yes,Yes,,N,
5,33,Yes or no: Florida and Alabama are the pair of bordering states with the highest difference.,Yes,Yes,,Y,
5,16,What value range does state Texas fall in?,20M - 30M,20M - 30M,,N,
5,28,Which state in the east coast region has a similar value to state Florida?,None,None,,N,
5,29,Which range has the highest number of states?,0-10M,0-10M,,N,
5,22,Yes or no: States of region bordering Canada have lower values on average than states bordering Mexico.,Yes,Yes,,N,
33,31,Yes or no: All the states bodering Mississippi belong to range 119-160.,Yes,Yes,d,N,
33,37,Which state borders only states from range 161-193?,South Carolina,South Carolina,,Y,
33,3,What is the overall range of the legend?,119-293,119-293,,N,
33,4,What value range does the second lightest shade represent?,195-224,195-224,,N,
33,2,Yes or no: in the legend the colour intensity is directly proportional to the value.,No,No,,N,
33,7,Is the legend discrete or continuous?,Discrete,Discrete,,N,
33,9,Does state Texas fall in range 161-193?,Yes,Yes,,N,
33,27,Which states bordering Nevada have a value higher than state Idaho?,"California, Oregon","California, Oregon",,Y,
33,18,Yes or no: the value of the state Alabama is similar to its neighbouring state Tennessee.,Yes,Yes,,N,
33,40,Which states on the west coast belonging to the highest range are neighbouring each other?,"California, Oregon, Washington
","California, Oregon, Washington
",,N,
33,43,"Rank the states Michigan, Ohio, and Pennsylvania in terms of the legend value in the Great Lakes region?",Michigan < Ohio = Pennsylvania,Michigan < Ohio = Pennsylvania,,Y,
49,6,Yes or no: the map depicts percentages.,No,No,c,N,
49,11,Which states in the north-east region belong to range 500-600k?,New York,New York,,N,
49,37,Which states have missing data?,None,None,,N,
49,41,Are there significant gaps between certain ranges in the legend? Yes/No,No,No,,N,
49,23,How many states bordering Lake Erie have a value higher than 500K?,1,1,,N,
49,39,Yes or no: all states bordering Canada have values below 100K.,No,No,,N,
49,35,How many states bordering Texas have a value similar to state South Carolina?,3,4,,Y,
49,18,Yes or no: the value of the state Connecticut is lower than its neighbouring state Rhode Island.,No,No,,N,
49,4,What value range does the darkest shade represent?,None,700k - 800k,,N,
49,7,Is the legend discrete or continuous?,Continuous,Continuous,,N,
49,21,Yes or no: Alaska has the same value as North Dakota.,Yes,Yes,,N,
15117,13,Which state has the least value among the states bordering Mexico?,Arizona,Arizona,d,N,
15117,4,What value range does the darkest shade represent?,3-5,3-5,,N,
15117,7,Is the legend discrete or continuous?,Discrete,Discrete,,N,
15117,8,Which class has the largest range of values?,0,0,,N,
15117,27,Which states on the western coast have a value similar to state North Carolina?,None,None,,N,
15117,11,Which states bodering Kansas belong to range 3-5?,None,None,,N,
15117,30,Does state Missouri have the same value to state Utah.,Yes,Yes,,N,
15117,35,How many states bordering Wyoming have a value higher than state Massachusetts?,1,1,,Y,
15117,3,What is the overall range of the legend?,0-5,0-5,,N,
15117,23,How many states bordering Lake Superior have missing data?,0,0,,N,
56,31,Yes or no: a majority of states bodering Canada belong to range 1500-2000.,Yes,Yes,d,N,
56,2,Yes or no: in the legend the colour intensity is inversely proportional to the value.,No,No,,N,
56,41,Are the legends evenly spaced?,No,No,,N,
56,34,Yes or no: North Carolina is the Eastern most state that has a higher value compared to all its neighbours.,No,No,,Y,
56,21,Yes or no: state Arizona has the least value among states bordering Mexico.,Yes,Yes,,N,
56,37,Which state on the eastern coast borders states without any data?,None,None,,Y,
56,33,Yes or no: New York and New Jersey are a pair of bordering states with the highest difference.,Yes,Yes,,Y,
56,39,Yes or no: all states bordering Oregon have values 1500-2000.,Yes,Yes,,Y,
56,32,Yes or no: state Maine is an outlier compared to other states in the north-east region.,No,No,,N,
56,16,What value range does state Wisconsin fall in?,1500-2000,1500-2000,,N,
200,29,Which range has the least number of states?,>14k,>14k,c,N,
200,7,Is the legend discrete or continuous?,Continuous,Continuous,,N,
200,36,Name the Southern most state in the range 10-12k.,Texas,Florida,,N,
200,20,Name the western-most state that belongs to a different value range compared to all its neighbours.,California,California,,Y,
200,9,Does New York state fall in the range 8-10k?,Yes,Yes,,N,
200,15,List the 2 states bordering California with similar values.,"Alaska, Oregon","Nevada, Oregon",,Y,
200,28,Which state bordering Lake Michigan has the same value to state Oklahoma?,"Indiana, Wisconsin","Indiana, Wisconsin",,N,
200,6,Yes or no: the map depicts percentages.,No,No,,N,
200,26,Which states along the Canada border have a value similar to Florida?,New York,New York,,N,
200,18,Yes or no: the value of the state Kansas is similar to its neighbouring state Texas.,No,No,,N,
98,42,Yes/No: North Carolina has a similar value as Michigan and also have a similar value as California.,No,No,c,N,
98,22,Yes or no: States of west region have similar values on average to eastern coast states.,No,No,,N,
98,19,Yes or no: the value of the state Florida is higher to state Idaho.,Yes,Yes,,N,
98,12,What is the second highest value range in the legend?,3-3.5M,2.5M - 3M,,N,
98,5,Yes or no: the legend has multiple distinct colours?,No,No,,N,
98,16,What value range does state West Virginia fall in?,< 0.5M,< 0.5M,,N,
98,18,Yes or no: the value of the state Texas is higher than its neighbouring state Louisiana.,Yes,Yes,,N,
98,9,Does California fall in range above 2.5M?,Yes,Yes,,N,
98,7,Is the legend discrete or continuous?,Continuous,Continuous,,N,
98,32,Yes or no: California is an outlier compared to other states in its neighbouring region.,Yes,Yes,,N,
98,43,"Rank the states Illinois, Indiana, and Ohio in terms of the legend value in the Great Lakes region?",Indiana < Ohio < Illinois,Indiana < Ohio < Illinois,,Y,
65,11,Which states in west coast region belong to range > 60k?,California,California,c,N,
65,15,List the northern most state with the highest value.,New York,New York,,N,
65,9,Does state Montana fall in range 0-10k?,Yes,Yes,,N,
65,19,Yes or no: the value of the state Maine is higher to state Louisiana.,No,No,,N,
65,21,Yes or no: Washington has the highest value along the western coast.,No,No,,N,
65,31,Yes or no: a majority of states bordering Canada have values lower than Florida.,Yes,Yes,,N,
65,42,Yes/No: Illinois has a similar value as Texas and also have a higher value than Nevada.,No,No,,N,
65,23,How many states bordering Lake Michigan have a value higher than 50k?,0,0,,N,
65,13,Which state has the second highest value in the west coast region?,Washington,Washington,,N,
65,36,Name the northern most state in the range 50-60k.,New York,New York,,N,
65,43,"Rank the states Vermont, New York, and Michigan in terms of the legend value in the Canada Border region?",Vermont < Michigan < New York,Vermont < Michigan < New York,,Y,
20787,16,What value range does state Mississippi fall in?,248200 - 588000,627600 - 960700,d,N,
20787,2,Yes or no: in the legend the colour darkness inversely proportional to the value.,No,No,,N,
20787,27,Which states neighbouring New Mexico have a value lower than New York?,"Arizona, Colorado, Oklahoma","Arizona, Colorado, Oklahoma",,N,
20787,4,What value range does the second lightest shade represent?,627600 - 960700,248200 - 588000,,N,
20787,1,How many distinct categories does the legend contain?,4,4,,N,
20787,37,Which state in the east coast borders at least two states from the range 13500-240200?,Arizona,Virginia,,Y,
20787,39,Yes or no: all states bordering Florida have values in the same range.,No,No,,Y,
20787,18,Yes or no: the value of the state Utah is lower than its neighbouring state Arizona.,Yes,Yes,,N,
20787,3,What is the overall range of the legend?,"13,500-3412900",13500 - 3412900,,N,
20787,20,Name the state on the west coast that belongs to a similar value range compared to atleast 2 of its neighbours.,"Oregon, Arizona",Oregon,,Y,
20787,2,Yes or no: in the legend the colour intensity is inversely proportional to the value.,Yes,No,,N,
20787,9,"Does Tennessee fall in range 627,600 - 960,700?",No,No,,N,
20787,7,Is the legend discrete or continuous?,Discrete,Discrete,,N,
15641,2,Yes or no: in the legend the colour intensity is directly proportional to the value.,Yes,Yes,d,N,
15641,15,Which states bordering Lake Huron have the highest value?,Michigan,Michigan,,N,
15641,7,Is the legend discrete or continuous?,Discrete,Discrete,,N,
15641,37,Which state along the east coast in the second least range borders atleast 2 states from the lowest range?,"Pennsylvania, Vermont","Pennsylvania, Vermont, Delaware",,Y,
15641,20,Name the western-most state that belongs to a lower value range compared to all its neighbours.,Alaska,California,,Y,
15641,11,Which states along the Mexico border belong to the range 15.4-21.8?,"Arizona, New Mexico","Arizona, New Mexico",,N,
15641,40,Which pair of states on the Canada border belonging to the highest range are the closest to each other?,"Idaho, Montana","Idaho, Montana",,N,
15641,3,What is the overall range of the legend?,5.4-21.8,5.4-21.8,,N,
15641,5,Yes or no: the legend has different shades of the same colour?,No,No,,N,
15641,28,Which state bordering Lake Superior has the same value as New York?,None,None,,N,
15641,33,Yes or no: Iowa and Missouri are the pair of bordering states with the highest difference.,No,No,,Y,
20556,33,Yes or no: Iowa and Missouri are a pair of bordering states with the least difference.,Yes,Yes,d,Y,
20556,26,Which states along the east coast have a value same as California?,North Carolina,North Carolina,,N,
20556,9,"Does Florida fall in range 91,400-2,51,500?",No,No,,N,
20556,8,Which class has the largest range of values?,1400-18900,91400 - 251500,,N,
20556,22,Yes or no: States of the west coast have higher values on average than states of the east coast.,Yes,Yes,,N,
20556,2,Yes or no: in the legend the colour intensity is directly proportional to the value.,Yes,Yes,,N,
20556,34,Yes or no: California is the western-most state that has a higher value compared to all its neighbours.,No,No,,Y,
20556,36,"Name the northern most state in the range 1400-18,900.",Maine,Maine,,N,
20556,40,Which states belonging to the highest range are the closest to each other along the Mexico border?,"California, Arizona, New Mexico","California, Arizona, New Mexico",,N,
20556,37,Which states have missing data?,Vermont,Vermont,,N,
20556,7,Is the legend discrete or continuous?,Discrete,Discrete,,N,
7,29,Which range has the highest number of states?,2112-14236,2112-14236,d,N,
7,18,Yes or no: the value of Georgia is higher than its neighbouring state South Carolina.,No,No,,N,
7,31,Yes or no: a majority of states in east coast belong to the least range.,No,No,,N,
7,42,Yes/No: Illinois has a higher value than Maine and a lower value than New York.,Yes,Yes,,N,
7,35,How many states have a value similar to Texas?,4,4,,N,
7,19,Yes or no: the value of the state North Dakota is lower than Rhode Island.,No,No,,N,
7,4,What value range does the darkest shade represent?,62608-132336,62608-132336,,N,
7,37,Which states have missing data?,None,None,,N,
7,7,Is the legend discrete or continuous?,Discrete,Discrete,,N,
7,21,Yes or no: Alaska has the same value as North Dakota.,Yes,Yes,,N,
7,43,"Rank the states Texas, New Mexico, and Arizona in terms of the legend value in the Mexico Border region?",New Mexico < Arizona < Texas,New Mexico < Arizona < Texas,,Y,
13283,35,How many states have a value similar to Texas?,9,2,c,N,
13283,12,What is the least value range in the west coast region?,0-2M,0-2M,,N,
13283,7,Is the legend discrete or continuous?,Continuous,Continuous,,N,
13283,32,Yes or no: California is an outlier compared to other states in the west coast region.,Yes,Yes,,N,
13283,32,Yes or no: Georgia is an outlier compared to other states in the east coast region.,No,No,,N,
13283,11,Which states along the Mexico border belong to the range 10-12M?,Texas,Texas,,N,
13283,33,Yes or no: California and Oregon are the pair of bordering states with the highest difference.,Yes,Yes,,Y,
13283,39,Yes or no: all states along the Canada border have values in range 14-16M.,No,No,,N,
13283,16,What value range does state New York fall in?,10-12 M,10M - 12M,,N,
13283,15,List the states in the west coast region with the highest value.,California,California,,N,
20517,3,What is the overall range of the legend?,6.1-8%,6.1% - 17.0%,d,N,
20517,26,Which states in the west coast region have a value higher than 12.7%?,Oregon,Oregon,,N,
20517,5,Yes or no: the legend has different shades of the same colour?,Yes,No,,N,
20517,34,Yes or no: North Dakota is the North most state that has a similar value compared to all its neighbours.,No,No,,Y,
20517,6,Yes or no: the map depicts percentages.,Yes,Yes,,N,
20517,13,Which state has the second highest value along the west coast?,California and Washington,California and Washington,,N,
20517,29,Which range has the least number of states?,6.1-8%,6.1% - 8.0%,,N,
20517,30,Does Texas have the same value as New Mexico amongst the states along the Mexico border.,Yes,Yes,,N,
20517,37,Which state along Canada borders only states from range 12.7-17%?,Washington,Washington,,N,
20517,2,Yes or no: in the legend the colour intensity is inversely proportional to the value.,No,No,,N,
20517,41,Are the legends evenly spaced?,No,No,,N,
20517,2,Yes or no: in the legend the colour intensity is directly proportional to the value.,Yes,Yes,,N,
20517,16,What value range does state Maine fall in?,8.2% - 10.4%,8.2% - 10.4%,,N,
19332,15,Which state on the West Coast has the highest value?,Oregon,Oregon,d,N,
19332,7,Is the legend discrete or continuous?,Discrete,Discrete,,N,
19332,2,Yes or no: in the legend the colour intensity is inversely proportional to the value.,Yes,Yes,,N,
19332,19,Yes or no: the value of  Florida is higher than Maine.,Yes,Yes,,N,
19332,21,Yes or no: Oregon has the least value along the west coast.,Yes,No,,N,
19332,20,Name the westmost state that belongs to a higher value range compared to all its neighbours.,Idaho,Idaho,,Y,
19332,35,How many states along the east coast have a value similar to California?,7,6,,N,
19332,18,Yes or no: the value of the state California is higher than its neighbouring state Oregon.,No,No,,N,
19332,36,Name the southern-most state in the range 950-1400.,Utah,Utah,,N,
19332,31,Yes or no: a majority of states in bordering Texas belong to range 950-1400.,No,No,,Y,
19332,4,What value range does the lightest shade represent?,2980-6320,2980 - 6320,,N,
18501,15,Which state on the east coast has the highest value?,"New York ,Florida","New York, Florida",d,N,
18501,7,Is the legend discrete or continuous?,Discrete,Discrete,,N,
18501,4,What value range does the second lightest shade represent?,64200-131600,64200 - 131600,,N,
18501,41,Are the legends evenly spaced?,No,No,,N,
18501,28,Which state along the Mexico border has the same value as Idaho?,New Mexico,New Mexico,,N,
18501,22,Yes or no: States bordering the Great Lakes have lower values on average than states bordering Great Salt Lake.,No,No,,N,
18501,27,Which states in the east coast region have a value same as Texas?,"New York, Florida","New York, Florida",,N,
18501,42,Yes/No: New York has a higher value than West Virginia and also have a higher value than Colorado.,Yes,Yes,,N,
18501,9,Does South Carolina fall in the range 138100-228700?,No,No,,N,
18501,35,How many states bordering Canada have a value similar to Texas?,1,1,,N,
340,8,Which class has the largest range of values?,5-7%,5% - 7%,d,N,
340,19,Yes or no: the value of Colorado is higher than New York.,No,No,,N,
340,19,Yes or no: the value of  Florida is lower than Texas.,Yes,Yes,,N,
340,41,Are the legends evenly spaced?,No,No,,N,
340,22,Yes or no: States bordering Texas have similar values on average to states bordering Louisiana.,Yes,Yes,,Y,
340,11,Which states along the Mexico border belong to range 5-7%?,"California, Texas, New Mexico, Louisiana","California, Texas, New Mexico",,N,
340,11,Which states along the Canada border belong to range 5-7%?,Montana,"Montana, New York",,N,
340,33,Yes or no: New Mexico and Colorado are the pair of bordering states along the West Coast with the highest difference.,No,No,,N,
340,29,Which range has the least number of states?,2%,2%,,N,
340,21,Yes or no: California has the highest value along the west coast.,Yes,Yes,,N,
340,43,"Rank the states California, Oregon, and Alaska in terms of the legend value in the West Coast region?",Alaska < Oregon < California,Alaska < Oregon < California,,Y,
18402,18,Yes or no: the value of the state New Hampshire is higher than its neighbouring state Vermont.,Yes,Yes,c,N,
18402,15,Which state along the Canada border region has the lowest value?,New Hampshire,Maine,,N,
18402,7,Is the legend discrete or continuous?,Continuous,Continuous,,N,
18402,42,Yes/No: California has a similar value as Florida and also have a higher value than Maine.,No,No,,N,
18402,12,What is the least value range in the west coast region?,<0.05,<0.05,,N,
18402,28,Which state along the Canada border has the same value as Arkansas?,"Maine, North Dakota, Vermont",North Dakota,,N,
18402,26,Which states along the Mexico border have value lower than 0.05?,Continuous,"California, Arizona, Texas",,N,
18402,16,What value range does state Wisconsin fall in?,0.15 -0.2,0.15 - 0.2,,N,
18402,6,Yes or no: the map depicts percentages.,No,No,,N,
18402,18,Yes or no: the value of North Carolina is similar to its neighbouring state South Carolina.,No,No,,N,
16686,15,Which state on the Canada border has the highest value?,Minnesota,Minnesota,d,N,
16686,7,Is the legend discrete or continuous?,Discrete,Discrete,,N,
16686,5,Yes or no: the legend has different shades of the same colour?,No,No,,N,
16686,37,Which states along the west coast in range 6-8% borders only one state from range 6-8%?,"California, Washington","California, Washington",,Y,
16686,36,Name the Northmost state in the highest range.,Alaska,Alaska,,N,
16686,3,What is the overall range of the legend?,6-18%,6% - 18%,,N,
16686,4,What value range does the darkest shade represent?,13-18%,13% - 18%,,N,
16686,1,How many distinct categories does the legend contain?,5,5,,N,
16686,32,Yes or no: Washinton is an outlier compared to other states in the west coast.,No,No,,N,
16686,30,Does state California have the same value as Oregon amongst the states in the west coast region.,Yes,Yes,,N,
20746,18,Yes or no: the value of the state South Dakota is lower than its neighbouring state Montana.,Yes,No,c,N,
20746,7,Is the legend discrete or continuous?,Continuous,Continuous,,N,
20746,36,Which is the westernmost state with a value in the range 0.1-0.2?,Idaho,California,,N,
20746,36,Which is the northern most state with a value in the range 0.4-0.5?,Montana,Montana,,N,
20746,16,What value range does state North Dakota fall in?,0.8-0.9,0.8-0.9,,N,
20746,34,Yes or no: Maine is the northmost state that has a similar value compared to all its neighbours.,No,No,,Y,
20746,26,Which states bordering the Great Lakes have a value in the range 0.7-0.8?,Minnesota,Minnesota,,N,
20746,31,Yes or no: a majority of states in the west coast region belong to range 0.1-0.2.,Yes,Yes,,N,
20746,2,Yes or no: in the legend the colour intensity is directly proportional to the value.,Yes,Yes,,N,
20746,15,List the state bordering Canada with the highest value.,North Dakota,North Dakota,,N,
1034,21,Yes or no: Minnesota has the highest value along the Canada border.,Yes,Yes,c,N,
1034,9,Does California fall in range 0.4-0.45?,No,No,,N,
1034,5,Yes or no: the legend has different shades of the same colour?,Yes,Yes,,N,
1034,27,Which states along the Mexico border have a value similar to Alaska?,None,None,,N,
1034,18,Yes or no: the value of North Dakota is similar to its neighbouring state South Dakota.,Yes,Yes,,N,
1034,37,Which states have missing data?,None,None,,N,
1034,36,Name the Northmost state in the range 0.4-0.45.,Minnesota,Minnesota,,N,
1034,20,Name the Southmost state that belongs to a higher value range compared to all its neighbours.,Florida,Florida,,Y,
1034,33,Yes or no: Texas and Oklahoma are the pair of bordering states with the highest difference.,No,No,,Y,
1034,6,Yes or no: the map depicts percentages.,No,No,,N,
15950,4,What value range does the darkest shade represent?,60-117%,60% - 117%,d,N,
15950,42,Yes/No: Oregon has a higher value than North Dakota and also a higher value than Illinois.,No,No,,N,
15950,35,How many states bordering Florida have a value higher than Minnesota?,0,0,,Y,
15950,7,Is the legend discrete or continuous?,Discrete,Discrete,,N,
15950,29,Which range has the highest number of states?,-14.98,0% - 23%,,N,
15950,30,Does Oregon have the same value as Florida.,No,No,,N,
15950,28,Which state bordering Wyoming has the same value as Nevada?,"Montana, Colorado","Montana, Colorado",,Y,
15950,34,Yes or no: North Dakota is the northern most state that has a higher value compared to all its neighbours.,Yes,No,,Y,
15950,9,Does Nevada fall in range 60-117%?,Yes,Yes,,N,
15950,32,Yes or no: California is an outlier compared to other states in the west coast region.,No,No,,N,
14414,7,Is the legend discrete or continuous?,Discrete,Discrete,d,N,
14414,12,What is the highest value range in the region around the Great Lakes?,13.2 - 21.1%,13.2% - 21.1%,,N,
14414,19,Yes or no: the value of Georgia is higher than Washington.,Yes,Yes,,N,
14414,2,Yes or no: in the legend the colour intensity is inversely proportional to the value.,No,No,,N,
14414,16,What value range does state California fall in?,2.9-4.5%,2.9% - 4.5%,,N,
14414,41,Are the legends evenly spaced?,No,No,,N,
14414,31,Yes or no: a majority of states in the south east region belong to the highest range.,Yes,Yes,,N,
14414,6,Yes or no: the map depicts percentages.,Yes,Yes,,N,
14414,3,What is the overall range of the legend?,-0.551,4.5% - 50.6%,,N,
14414,4,What value range does the second lightest shade represent?,6.7-12.7%,6.7% - 12.7%,,N,srija verification till here
104,11,Which states in the west coast region belong to the highest range?,None,None,d,N,
104,11,Which states in the west coast region belong to the second highest range?,"Washington, Oregon","Washington, Oregon",,N,
104,11,Which states in the west coast region belong to the lowest range?,None,None,,N,
104,11,Which states in the east coast region belong to the highest range?,"Florida, Georgia, New York","Florida, Georgia, New York",,N,
104,15,List the states along the Canada border with the highest values.,New york,New york,,N,
104,36,Name the N-most state in the range 6.8-10.5.,Maine,Maine,,N,
104,3,What is the overall range of the legend?,2.4 - 25.3,2.4 - 25.3,,N,
104,12,What is the highest value range in the region aroung the Great Lakes?,14.8 - 25.3,14.8 - 25.3,,N,
104,37,Which state in the highest range borders at least 1 state with missing data?,Nevada,Nevada,,Y,
104,30,Does Idaho have the same value as Wisconsin.,Yes,Yes,,N,lc
104,43,"Rank the states North Carolina, South Carolina, and Virginia in terms of the legend value in the East Coast region?",South Carolina < Virginia < North Carolina,South Carolina < Virginia < North Carolina,,Y,
10436,9,Does New York fall in range above 20%?,Yes,Yes,d,N,
10436,35,How many states bordering Illinois have a value similar to South Carolina?,1,2,,Y,
10436,28,Which state bordering New Mexico has the same value as Montana?,Nevada,Utah,,Y,
10436,6,Yes or no: the map depicts absolute values.,No,No,,N,
10436,26,Which states along Canada border have a value lower than 13.6%?,"New Hampshire, Montana, North Dakota","New Hampshire, Montana, North Dakota",,N,
10436,39,Yes or no: all states in the west caost region have values in the highest range.,No,No,,N,
10436,18,Yes or no: the value of the Louisiana is similar to its neighbouring state Arkansas.,Yes,Yes,,N,
10436,4,What value range does the darkest shade represent?,10.2-13.6%,10.2-13.6%,,N,
10436,1,How many distinct categories does the legend contain?,4,4,,N,
10436,2,Yes or no: in the legend the colour intensity is directly proportional to the value.,No,No,,N,lc
13,2,Yes or no: in the legend the colour intensity is directly proportional to the value.,Yes,Yes,c,N,
13,7,Is the legend discrete or continuous?,Continuous,Continuous,,N,
13,9,Does Maine fall in the lowest range?,No,No,,N,
13,16,What value range does state Texas fall in?,0.15-0.2,0.15-0.2,,N,
13,33,Yes or no: Georgia and South Carolina are a pair of bordering states with the highest difference.,No,No,,Y,
13,34,Yes or no: New York is the N-most state that has a higher value compared to all its neighbours.,No,No,,Y,
13,41,Are the legends evenly spaced?,Yes,Yes,,N,
13,27,Which states bordering Mexico have a value similar to Florida?,None,None,,N,
13,21,Yes or no: Maine has the highest value along the Canda border.,No,No,,N,
13,5,Yes or no: the legend has different shades of the same colour?,Yes,Yes,,N,lc
13,43,"Rank the states Montana, North Dakota, and Minnesota in terms of the legend value in the Canada Border region?",North Dakota < Minnesota < Montana,North Dakota < Minnesota < Montana,,Y,
9,7,Is the legend discrete or continuous?,Continuous,Continuous,c,N,
9,19,Yes or no: the value of Texas is similar to Minnesota.,No,No,,N,
9,42,Yes/No: New York has a lower value than Maine and also have a higher value than Florida.,No,No,,N,
9,20,Name the N-most state that belongs to a higher value range compared to all its neighbours.,New York,New York,,Y,
9,22,Yes or no: States bordering the Great Lakes have lower values on average than California.,Yes,Yes,,N,
9,37,Which states have missing data?,None,None,,N,
9,35,How many states bordering Mexico have a value similar to Idaho?,1,1,,N,
9,21,Yes or no: Oklahoma has higher value than Maine.,No,No,,N,
9,15,Which state on the Canada border has the highest value?,New York,New York,,N,
9,41,Are the legends evenly spaced?,Yes,Yes,,N,lc
9,43,"Rank the states New York, Florida, and Massachusetts in terms of the legend value in the East Coast region?",Massachusetts < Florida < New York,Massachusetts < Florida < New York,,Y,
910,4,What value range does the darkest shade represent?,>0.035,>0.035,c,N,
910,4,What value range does the lightest shade represent?,<0.015,<0.015,,N,
910,4,What value range does the second lightest shade represent?,0.015-0.02,0.015-0.02,,N,
910,26,Which states on the east coast have a value lower than 0.015?,Virginia,Virginia,,N,
910,26,Which states on the west coast have a value lower than 0.015?,None,None,,N,
910,18,Yes or no: the value of California is higher than its neighbouring state New York,No,No,,N,
910,13,Which state has the leasest value in the west coast region?,California,California,,N,
910,22,Yes or no: States along Canada border have higher values on average than states bordering Mexico.,Yes,Yes,,N,
910,30,Does Nebraska have the same value as Texas.,Yes,Yes,,N,
910,2,Yes or no: in the legend the colour intensity is inversely proportional to the value.,No,No,,N,lc
910,43,"Rank the states Pennsylvania, New York, and Ohio in terms of the legend value in the Great Lakes region?",Ohio < Pennsylvania < New York,Ohio < Pennsylvania < New York,,Y,
8213,35,How many states bordering California have a value higher than Texas?,0,0,c,Y,
8213,21,Yes or no: Massachusetts has the least value in the east coast region.,Yes,Yes,,N,
8213,11,Which states bordering Mexico belong to range > 0.3?,Texas,Texas,,N,
8213,5,Yes or no: the legend has different shades of the same colour?,Yes,Yes,,N,
8213,39,Yes or no: all states on the west coast have values above 0.2,Yes,Yes,,N,
8213,9,Does Michigan fall in range 0.25-0.3?,No,No,,N,
8213,7,Is the legend discrete or continuous?,Continuous,Continuous,,N,
8213,20,Name the state on the east coast that belongs to a higher value range compared to all its neighbours.,Florida,Florida,,Y,
8213,34,Yes or no: New Mexico is the southern-most state that has a higher value compared to all its neighbours.,No,No,,N,
8213,27,Which states bordering North Dakota have a value similar to Maine?,South Dakota,None,,Y,lc
16717,18,Yes or no: the value of the state Utah is lower than its neighbouring state Colorado.,Yes,Yes,d,N,
16717,7,Is the legend discrete or continuous?,Discrete,Discrete,,N,
16717,21,Yes or no: Washington has the same value as Texas.,No,No,,N,
16717,42,Yes/No: Maine has a similar value as Alabama and also have a similar value as Kansas.,Yes,Yes,,N,
16717,41,Are the legends evenly spaced?,No,No,,N,
16717,33,Yes or no: Idaho and Florida are the pair of bordering states with the highest difference.,No,No,,Y,
16717,16,What value range does Florida fall in?,380-698,380-698,,N,
16717,29,Which range has the least number of states?,730-1145,"730-1145, 380-698",,N,
16717,15,List the state(s) in the west coast region with the highest value.,California,California,,N,
16717,1,How many distinct categories does the legend contain?,5,5,,N,lc
1280,42,Yes/No: Kentucky has a similar value as Virginia and also have a similar value as Illinois.,Yes,Yes,d,N,
1280,3,What is the overall range of the legend?,6.8% - 15.9%,6.8% - 15.9%,,N,
1280,34,Yes or no: Minnesota is the northern-most state that has a similar value compared to all its neighbours.,Yes,Yes,,Y,
1280,4,What value range does the darkest shade represent?,14-15.9%,14-15.9%,,N,
1280,4,What value range does the lightest shade represent?,6.8-9.7%,6.8-9.7%,,N,
1280,1,How many distinct categories does the legend contain?,4,4,,N,
1280,36,Name the N-most state in the range 14-15.9%.,Idaho,Idaho,,N,
1280,15,List the state without any international border with the highest value.,Missouri,Missouri,,N,
1280,13,Which state has the second highest value along the Canada border?,Washington,Washington,,N,
1280,11,Which states bordering Mexico belong to range 9.9-11.8%?,California,California,,N,lc
1280,43,"Rank the states New York, Pennsylvania, and New Jersey in terms of the legend value in the Atlantic region?",New York < New Jersey < Pennsylvania,New York < New Jersey < Pennsylvania,,Y,
8543,12,What is the least value range among the states bordering Arizona?,0%,0%,d,Y,
8543,6,Yes or no: the map depicts percentages.,Yes,Yes,,N,
8543,20,Name the northern most state that belongs to a similar value range compared to all its neighbours.,Michigan,Michigan,,Y,
8543,31,Yes or no: a majority of states bordering Mexico belong to range 97-100%.,Yes,Yes,,N,
8543,30,Does Florida have the same value as Texas amongst the southern states.,Yes,Yes,,N,
8543,5,Yes or no: the legend has multiple colours?,Yes,Yes,,N,
8543,41,Are the legends evenly spaced?,No,No,,N,
8543,40,Name a pair of states belonging to the second highest range are the closest to each other?,"Vermont, Rhode Island","Vermont, Rhode Island",,N,
8543,33,Yes or no: North Dakota and Montana are the pair of bordering states with the highest difference.,No,No,,Y,
8543,7,Is the legend discrete or continuous?,Discrete,Discrete,,N,lc
4270,39,Yes or no: all states bordering Texas have values in the same range.,No,No,d,Y,
4270,28,Which state bordering Colorado has the same value as Texas?,Arizona,Arizona,,Y,
4270,2,Yes or no: in the legend the colour intensity is directly proportional to the value.,Yes,Yes,,N,
4270,19,Yes or no: the value of Nevada is higher than California.,Yes,Yes,,N,
4270,22,Yes or no: States bordering Canada have higher values on average than states bordering Mexico.,Yes,Yes,,N,
4270,32,Yes or no: Idaho is an outlier compared to other states bordering Canada.,No,No,,N,
4270,7,Is the legend discrete or continuous?,Discrete,Discrete,,N,
4270,16,What value range does New York fall in?,1603-1819,1603-1819,,N,
4270,21,Yes or no: Pennsylvania has the highest value among the states bordering the Great Lakes.,No,No,,N,
4270,18,Yes or no: the value of Florida is similar to its neighbouring state Georgia.,Yes,Yes,,N,lc
18348,6,Yes or no: the map depicts percentages.,Yes,Yes,d,N,
18348,12,What is the highest value range in the west coast region?,54-62.6%,54-62.6%,,N,
18348,32,Yes or no: Minnesota is an outlier compared to other states bordering Canada.,Yes,Yes,,N,
18348,8,Which class has the largest range of values?,37.1-52.9%,37.1-52.9%,,N,
18348,29,Which range has the least number of states?,37.1-52.9%,37.1-52.9%,,N,
18348,27,Which states in the north east region has the similar valua as Montana?,"New York, Vermont, Massachusetts, Rhode Island","New York, Vermont, Massachusetts, Rhode Island",,N,
18348,36,Name the southern most state in the range 63.2-74%.,Texas,Texas,,N,
18348,22,Yes or no: States in the west coast have lower values on average than states in the east coast.,Yes,Yes,,N,
18348,13,Which state has the least value in the west coast?,California,California,,N,
18348,2,Yes or no: in the legend the colour intensity is inversely proportional to the value.,Yes,No,,N,lc
6616,21,Yes or no: Idaho has higher value as Colorado.,No,No,d,N,
6616,16,What value range does state Indiana fall in?,39.4 - 43.7%,39.4 - 43.7%,,N,
6616,20,Name the southern-most state that belongs to a similar value range compared to all its neighbours.,Florida,Florida,,Y,
6616,42,Yes/No: Florida has a similar value as Illinois and also have a higher value than New York.,No,No,,N,
6616,9,Does New York fall in range 30.9%?,No,No,,N,
6616,35,How many states bordering California have a value similar to North Carolina?,"Nevada, Oregon",2,,Y,
6616,27,Which states bordering Mexico have a value higher than Kansas?,"California, Texas, New Mexico","California, Texas, New Mexico",,N,
6616,19,Yes or no: the value of Georgia is similar to Texas.,Yes,Yes,,N,
6616,3,What is the overall range of the legend?,30.9-50.4%,30.9-50.4%,,N,
6616,41,Are the legends evenly spaced ?,No,No,,N,lc
6616,43,"Rank the states Texas, Montana, and Minnesota in terms of the legend value in the Border States region?",Minnesota < Montana < Texas,Minnesota < Montana < Texas,,Y,
30,18,Yes or no: the value of Ohio is lower than its neighbouring state West Virginia.,No,No,d,N,
30,11,Which states bordering the Great Lakes belong to the range 74400-93200?,Illinois,Illinois,,N,
30,4,What value range does the second darkest shade represent?,74400-93200,74400-93200,,N,
30,33,Yes or no: Montana and Wyoming are a pair of bordering states with the highest difference.,No,No,,Y,
30,28,Which state along the Canada border has the same value as Louisiana?,Washington,"Washington, Michigan, Ohio, Pennsylvania",,N,
30,16,What value range does Florida fall in?,134900-293900,134900-293900,,N,
30,39,Yes or no: all states bordering Montanahave values in range 3800-31500,Yes,Yes,,Y,
30,5,Yes or no: the legend has multiple distinct colours?,No,Yes,,N,
30,7,Is the legend discrete or continuous?,Discrete,Discrete,,N,
30,15,List the state bordering New Mexico with the highest value.,Texas,Texas,,Y,lc
30,43,"Rank the states Maine, Georgia, and Florida in terms of the legend value in the East Coast region?",Maine < Georgia < Florida,Maine < Georgia < Florida,,Y,
19,21,Yes or no: Texas has the least value in the southern region.,No,No,d,N,
19,30,Does Florida have the same value as New York amongst the east coast states?,Yes,Yes,,N,
19,31,"Yes or no: a majority of states bordering Canada belong to range 5,69,400-3,030,400.",Yes,Yes,,N,
19,1,How many distinct categories does the legend contain?,4,4,,N,
19,34,Yes or no: New York is the northern-most state that has a higher value compared to all its neighbours.,Yes,Yes,,Y,
19,36,Which is the Northern most state with a value in the highest range?,New York,New York,,N,
19,21,Yes or no: Idaho has higher value than Iowa.,No,No,,N,
19,16,What value range does state California fall in?,"12,491,200-38,441,400","12,491,200-38,441,400",,N,
19,15,Which state on the west coast has the lowest value?,California,Oregon,,N,
19,41,Are there significant gaps between certain ranges the legend?,Yes,Yes,,N,lc
19,43,"Rank the states California, Arizona, and New Mexico in terms of the legend value in the Mexico Border region?",New Mexico < Arizona < Texas,New Mexico < Arizona < Texas,,Y,
1950,30,Does Florida have the most different value than Maine amongst the eastern coast states.,Yes,Yes,d,N,
1950,32,Yes or no: Florida is an outlier compared to other states bordering Atlantic ocean.,Yes,Yes,,Y,
1950,18,Yes or no: the value of California is similar to its neighbouring state Nevada.,Yes,Yes,,N,
1950,2,Yes or no: in the legend the colour intensity is directly proportional to the value.,Yes,Yes,,N,
1950,6,Yes or no: the map depicts absolute values.,Yes,No,,N,
1950,3,What is the overall range of the legend?,0-4,0-4,,N,
1950,16,What value range does Washington fall in?,2-4,2-4,,N,
1950,8,Which class has the largest range of values?,2-4,2-4,,N,
1950,15,List the states bordering Lake Superior with the highest value.,None,None,,N,
1950,34,Yes or no: Maine is the northern-most state that has a similar value compared to all its neighbours.,Yes,Yes,,Y,lc
2453,7,Is the legend discrete or continuous?,Discrete,Discrete,d,N,
2453,22,Yes or no: States on Canada border have higher values on average than states on the east coast.,No,No,,N,
2453,12,What is the least value range along the Canada border?,55.1-60.3%,55.1-60.3%,,N,
2453,26,Which states along the Mexico border have a value lower than Washington?,"Arizona, New Mexico, and Texas","Arizona, New Mexico, and Texas",,N,
2453,35,How many states bordering Missouri have a value similar to Connecticut?,3,3,,Y,
2453,4,What value range does the second lightest shade represent?,55.1-60.3%,55.1-60.3%,,N,
2453,28,Which state on the west coast has the same value as South Carolina?,California,California,,N,
2453,40,Which pair of states belonging to the lowest range are the closest to each other?,"Arizona, New Mexico, and Texas","Arizona, New Mexico, and Texas",,N,
2453,36,Name the western most state in the highest range.,Utah,Utah,,N,
2453,11,Which states along the Canada border belong to range 55.1-60.3%?,"Idaho, Montana, Maine","Idaho, Montana, Maine",,N,lc
2453,43,"Rank the states Utah, Nevada, and Colorado in terms of the legend value in the Mountain States region?",Nevada < Colorado < Utah,Nevada < Colorado < Utah,,,
1220,37,Which states bordering Lake Superior have missing data?,None,None,d,N,
1220,20,Name the northern most state that belongs to a higher range compared to all its neighbours.,New York,New York,,Y,
1220,33,Yes or no: Utah and Arizona are the pair of bordering states with the highest difference.,No,No,,Y,
1220,41,Are the legends evenly spaced?,No,No,,N,
1220,31,Yes or no: All the states bordering Montana belong to the same range.,Yes,Yes,,Y,
1220,27,Which state bordering the Great Lakes have a value similar to Texas?,New York,New York,,N,
1220,7,Is the legend discrete or continuous?,Discrete,Discrete,,N,
1220,19,Yes or no: the value of Nevada is similar to Washington.,No,No,,N,
1220,1,How many distinct categories does the legend contain?,4,4,,N,
1220,9,Does New York fall in range 4037892-12298138?,Yes,Yes,,N,lc
1220,43,"Rank the states Arizona, New Mexico, and Texas in terms of the legend value in the Southwest region?",New Mexico < Arizona < Texas,New Mexico < Arizona < Texas,,Y,
957,7,Is the legend discrete or continuous?,Continuous,Continuous,c,N,
957,5,Yes or no: the legend has different shades of the same colour?,Yes,Yes,,N,
957,39,Yes or no: all states bordering North Carolina have values in the same range.,No,No,,Y,
957,42,Yes/No: Connecticut has a higher value than Idaho and also have a similar value as Oklahoma.,No,No,,N,
957,21,Yes or no: Florida has the highest value on the east coast.,No,No,,N,
957,15,List the states along the Mexico border in the highest value range.,None,None,,N,
957,28,Which state in the west coast region has the same value to state Illinois?,"California, Washington","California, Washington",,N,
957,41,Are the legends evenly spaced ?,Yes,Yes,,N,
957,15,List the west coast states with the lowest values.,Alaska,"California, Washington",,N,
957,33,Yes or no: Virginia and Maryland are a pair of bordering states with the same value.,Yes,Yes,,Y,lc
957,43,"Rank the states Illinois, Indiana, and Iowa in terms of the legend value in the Midwest region?",Iowa < Indiana < Illinois,Iowa < Indiana < Illinois,,Y,
2024,4,What value range does the darkest shade represent?,10.6-12.5%,10.6-12.5%,d,N,
2024,35,How many states bordering Canada have a value lower than New Mexico?,6,6,,N,
2024,7,Is the legend discrete or continuous?,Discrete,Discrete,,N,
2024,8,Which class has the largest range of values?,4-9.2%,4-9.2%,,N,
2024,16,What value range does New Hampshire fall in?,10.6-12.5%,10.6-12.5%,,N,
2024,21,Yes or no: New Mexico has the highest value along the Mexico border.,Yes,Yes,,N,
2024,11,Which states bordering New York belong to range 10.6-12.5%?,None,None,,Y,
2024,20,Name the eastern-most state that belongs to a higher value range compared to all its neighbours.,New Hampshire,New Hampshire,,Y,
2024,3,What is the overall range of the legend?,4-12.5%,4-12.5%,,N,
2024,9,Does Texas fall in the range 9.4-10.5%?,Yes,Yes,,N,lc
2024,43,"Rank the states Kansas, Nebraska, and Oklahoma in terms of the legend value in the Great Plains region?",Kansas = Nebraska < Oklahoma,Kansas = Nebraska < Oklahoma,,Y,
584,21,Yes or no: Oklahoma has higher value as Maine.,Yes,Yes,d,N,
584,32,Yes or no: New Hampshire is an outlier compared to other states in the northeast region.,Yes,Yes,,N,
584,22,Yes or no: States bordering Atlantic Ocean have higher values on average than states bordering Pacific ocean.,Yes,Yes,,Y,
584,41,Are the legends evenly spaced?,No,No,,N,
584,34,Yes or no: South Carolina is the eastern-most state that has a similar value compared to all its neighbours.,Yes,Yes,,Y,
584,31,Yes or no: All the states bordering Mississippi belong to range 355-425.,Yes,Yes,,Y,
584,2,Yes or no: in the legend the colour intensity is directly proportional to the value.,Yes,Yes,,N,
584,30,Does Maine have the same value as New York amongst the states in the north-east region.,No,No,,N,
584,39,Yes or no: all states in northeast region have values above 300.,No,No,,N,
584,5,Yes or no: the legend has different shades of the same colour?,Yes,No,,N,lc
488,7,Is the legend discrete or continuous?,Discrete,Discrete,d,N,
488,28,Which states bordering North Dakota has the same value as North Carolina?,"Montana, South Dakota, Minnesota","Montana, South Dakota, Minnesota",,Y,
488,19,Yes or no: the value of North Dakota is higher than Alabama.,No,No,,N,
488,6,Yes or no: the map depicts percentages.,No,No,,N,
488,12,What is the highest value range in the northeast region?,35-41,27-34,,N,
488,26,Which states bordering Mexico have a value lower than Michigan?,New Mexico,"Arizaon, California",,N,
488,1,How many distinct categories does the legend contain?,4,4,,N,
488,42,Yes/No: South Carolina has a similar value as Idaho and also have a similar value as New Mexico.,No,No,,N,
488,18,Yes or no: the value of North Carolina is similar to its neighbouring state South Carolina.,Yes,Yes,,N,
488,36,Name the western most state in the range 44-57.,Utah,Utah,,N,lc
488,43,"Rank the states Idaho, Montana, and Utah in terms of the legend value in the Canada Border region?",Montana < Idaho < Utah,Montana < Idaho < Utah,,Y,
11349,15,Which states bordering Lake Michigan have the highest value?,"Wisconsin, Michigan","Wicsonsin, Michingan, Illinois",d,N,
11349,33,Yes or no: California and Oregon are the pair of bordering states with the highest difference.,No,No,,Y,
11349,32,Yes or no: Georgia is an outlier compared to other states in the east coast region.,No,No,,N,
11349,1,How many distinct categories does the legend contain?,3,3,,N,
11349,28,Which state along the Mexico border has the same value as Idaho?,Texas,Texas,,N,
11349,37,Which states have missing data?,None,None,,N,
11349,26,Which states in the west coast region have a value in the range 21.1-35.8%?,"Oregon, Alaska",Oregon,,N,
11349,2,Yes or no: in the legend the colour intensity is inversely proportional to the value.,Yes,Yes,,N,
11349,6,Yes or no: the map depicts percentages.,Yes,Yes,,N,
11349,4,What value range does the lightest shade represent?,38.2-42.4%,38.2-42.4%,,N,lc
1136,2,Yes or no: in the legend the colour intensity is directly proportional to the value.,Yes,Yes,d,N,
1136,15,Which state along the Canada border has the least value?,Alaska,Alaska,,N,
1136,7,Is the legend discrete or continuous?,Discrete,Discrete,,N,
1136,4,What value range does the lightest shade represent?,0%,0%,,N,
1136,3,What is the overall range of the legend?,0-100%,0-100%,,N,
1136,7,Is the legend discrete or continuous?,Discrete,Discrete,,N,
1136,16,What value range does state New York fall in?,94-100%,94-100%,,N,
1136,39,Yes or no: all states along the Canada border have values in the same range.,No,No,,N,
1136,36,Name the West-most state in the range 42-93%.,Utah,Utah,,N,
1136,32,Yes or no: North Dakota is an outlier compared to other states bordering Canada.,Yes,Yes,,N,
109,39,Yes or no: all states bordering Alabama have values 7-15.6% .,No,No,d,Y,
109,2,Yes or no: in the legend the colour intensity is inversely proportional to the value.,No,No,,N,
109,3,What is the overall range of the legend?,7-34.2%,7-34.2%,,N,
109,41,Are the legends evenly spaced?,No,No,,N,
109,9,Does New York state fall in the range 29.1-34.2%?,No,No,,N,
109,4,What value range does the darkest shade represent?,29.1-34.2%,29.1-34.2%,,N,
109,20,Name the Southern-most state that belongs to a similar value range compared to all its neighbours.,Alabama,South Carolina,,Y,
109,42,Yes/No: North Carolina has a similar value as Michigan and also have a similar value than state California.,No,No,,N,
109,1,How many distinct categories does the legend contain?,4,5,,N,
109,35,How many states bordering Wyoming have a value higher than state Massachusetts?,None,None,,Y,lc
109,43,"Rank the states Minnesota, Wisconsin, and Michigan in terms of the legend value in the Great Lakes region?",Michigan < Wisconsin < Minnesota,Michigan < Wisconsin < Minnesota,,Y,
3689,7,Is the legend discrete or continuous?,Discrete,Discrete,d,N,
3689,33,Yes or no: California and Nevada are a pair of bordering states with the highest difference.,Yes,Yes,,Y,
3689,12,What is the second highest value range in the legend?,1342089-1948189,1342089-1948189,,N,
3689,7,Is the legend discrete or continuous?,Discrete,Discrete,,N,
3689,23,How many states bordering Lake Superior have missing data?,None,None,,N,
3689,27,Which states on the western coast have a value similar than state North Carolina?,None,None,,N,
3689,26,Which states along the Canada border have a value similar to Florida?,New York,New York,,N,
3689,21,Yes or no: state New Mexico has the least value among states bordering Mexico.,Yes,Yes,,N,
3689,5,Yes or no: the legend has multiple distinct colours?,No,Yes,,N,
3689,16,What value range does state West Virginia fall in?,38046-507934,38046-507934,,N,abhishek verification till here
3689,43,"Rank the states Tennessee, Kentucky, and Arkansas in terms of the legend value in the Mid-South region?",Arkansas < Kentucky < Tennessee,Arkansas < Kentucky < Tennessee,,Y,
2769,2,Yes or no: in the legend the colour intensity is directly proportional to the value.,No,No,d,N,
2769,15,Which state on the East Coast has the highest value?,"Massachusetts, Rhode Island, New York, New Jersey","Massachusetts, Rhode Island, New York, New Jersey",,N,
2769,21,Yes or no: New York has the same value as Florida.,No,No,,N,
2769,17,Count the states with the values in range 3%-7% in the east coast.,"New York, New Jersey, Rhode Island",4,,N,
2769,30,Does state Missouri have the same value to state Utah.,Yes,Yes,,N,
2769,32,Yes or no: state Maine is an outlier compared to other states in the north-east region.,No,No,,N,
2769,19,Yes or no: the value of the state Florida is higher to state Idaho.,Yes,Yes,,N,
2769,6,Yes or no: the map depicts percentages.,Yes,Yes,,N,
2769,36,Name the Southern most state in the range 3-7%.,Florida,Florida,,N,
2769,29,Which range has the highest number of states?,0-2%,0-2%,,N,
9071,15,Which state on the Canada border has the highest value?,Washington,Washington,d,N,
9071,9,Does New York fall in range above 30?,Yes,Yes,,N,
9071,18,Yes or no: the value of the state Massachusetts is similar to its neighbouring state Connecticut.,Yes,Yes,,N,
9071,31,Yes or no: a majority of states bodering Canada belong to the highest range.,No,No,,N,
9071,34,Yes or no: North Carolina is the Eastern most state that has a higher value compared to all its neighbours.,No,No,,Y,
9071,13,Which state has the highest value in the west coast region?,No,California,,N,
9071,18,Yes or no: the value of the state New York is higher than its neighbouring state Pennsylvania.,Yes,Yes,,N,
9071,40,Which pair of states belonging to the range 75-207 are the closest to each other?,"New York, New Jersey","New York, New Jersey",,N,
9071,30,Does Texas have the same value as New Mexico amongst the states along the Mexico border.,No,No,,N,
9071,19,Yes or no: the value of Illinois is the same as Indiana.,No,No,,N,
8083,22,Yes or no: States bordering lake Superior have a higher value on average than states bordering Mexico.,No,No,d,N,
8083,28,Which state in the west coast region has the same value as state Illinois?,None,None,,N,
8083,4,What value range does the second lightest shade represent?,1816358-3613005,1816358-3613005,,N,
8083,21,Yes or no: Nebraska has the highest value in the northern region.,No,No,,N,
8083,34,Yes or no: Maine is the Northern-most state that has a lower value compared to all its neighbours.,No,No,,Y,
8083,32,Yes or no: North Carolina is an outlier compared to other states in its neighbouring region.,No,No,,N,
8083,37,Which states have missing data?,None,None,,N,
8083,27,Which states neighbouring New Mexico have a value lower than New York?,"Arizona, Colorado, Oklahoma","Arizona, Colorado, Oklahoma",,N,
8083,2,Yes or no: in the legend the colour darkness inversely proportional to the value.,No,No,,N,
8083,15,List the southern most state with the lowest value.,Mississippi,Mississippi,,N,
8083,43,"Rank the states Georgia, Alabama, and Mississippi in terms of the legend value in the South region?",Mississippi < Alabama < Georgia,Mississippi < Alabama < Georgia,,Y,
10121,18,Yes or no: the value of the state Pennsylvania is lower than its neighbouring state New York.,Yes,Yes,d,N,
10121,7,Is the legend discrete or continuous?,Discrete,Discrete,,N,
10121,12,What is the second least value range in the west coast region?,161-390,161-390,,N,
10121,9,Does state Montana fall in the same range as Maine?,Yes,Yes,,N,
10121,19,Yes or no: the value of the state Maine is higher to state Louisiana.,No,No,,N,
10121,37,Which state in the north-east region borders at least two states from the highest range?,None,Pennsylvania,,Y,
10121,20,Name the western-most state that belongs to a similar value range compared to atleast 2 of its neighbours.,Nevada,Nevada,,Y,
10121,41,Are the legends evenly spaced ?,No,No,,N,
10121,18,Yes or no: the range of Utah is lower than its neighbouring state Arizona.,No,No,,N,
10121,39,Yes or no: all states bordering Florida have values in the same range.,No,No,,Y,
11274,18,Yes or no: the value of the state Oklahoma is same as its neighbouring state Arkansas.,Yes,Yes,d,N,
11274,9,"Does state Michigan come under the value 54,700 - 1,20,300?",Yes,Yes,,N,
11274,7,Is the legend discrete or continuous?,Discrete,Discrete,,N,
11274,13,Which state has the second highest value in the west coast region?,Washington,Washington,,N,
11274,3,What is the overall range of the legend?,3900 - 809600,3900 - 809600,,N,
11274,11,"Which states along the Mexico border belong to range 249,100 - 809,600?",No,"California, Texas",,N,
11274,33,Yes or no: North Dakota and South Dakota are the pair of bordering states with the highest difference.,No,No,,Y,
11274,42,Yes/No: Illinois has a similar value as Texas and both also have a higher value than Nevada.,No,No,,N,
11274,35,How many states bordering Canada have a value similar to Texas?,1,1,,N,
11274,37,Which states have missing data?,Discrete,None,,N,
8391,9,Does New York fall in range 1.2-1.4 M?,No,No,c,N,
8391,3,What is the overall range of the legend?,0.2M - 1.6M,0.2M - 1.6M,,N,
8391,6,Yes or no: the map depicts absolute values.,Yes,Yes,,N,
8391,19,Yes or no: the value of Nevada is greater than Washington.,No,No,,N,
8391,36,Name easternmost state with a value > 1M.,Florida,Florida,,N,
8391,28,Which state has the same value as Florida?,None,None,,N,
8391,7,Is the legend discrete or continuous?,Continuous,Continuous,,N,
8391,20,Name the northern most state that belongs to a higher range compared to all its neighbours.,New York,New York,,Y,
8391,27,Which state bordering Lake Huron have a value higher than New York?,None,None,,N,
8391,11,Which states along the Canada border belong to range 1.2-1.4M?,None,None,,N,
8391,26,Which states along the Mexico border have a value higher than Washington?,Yes,"Californa, Texas",,N,
17382,2,Yes or no: in the legend the colour intensity is inversely proportional to the value.,No,No,d,N,
17382,37,Which states have missing data?,None,None,,N,
17382,16,What value range does state North Dakota fall in?,1696-9561,1696-9561,,N,
17382,4,What value range does the second lightest shade represent?,"10,266-21,935","10,266-21,935",,N,
17382,33,Yes or no: New York and Connecticut are a pair of bordering states with the highest difference in range value.,Yes,Yes,,Y,
17382,32,Yes or no: California is an outlier compared to other states bordering Pacific ocean.,Yes,Yes,,Y,
17382,39,Yes or no: all states bordering North Carolina have values in the same range.,Yes,Yes,,Y,
17382,34,Yes or no: Maine is the northern-most state that has a similar value compared to all its neighbours.,Yes,Yes,,Y,
17382,26,Which states along the Mexico border have a value lower than Washington?,New Mexico,New Mexico,,N,
17382,18,Yes or no: the value of California is similar to its neighbouring state Nevada.,No,No,,N,
17382,43,"Rank the states California, Florida, and Texas in terms of the legend value in the Sun Belt region?",California = Florida = Texas,California = Florida = Texas,,Y,
11719,15,Which states bordering Lake Michigan have the highest value?,Indiana,Indiana,d,N,
11719,7,Is the legend discrete or continuous?,Discrete,Discrete,,N,
11719,16,What value range does state Florida fall in?,1.6-2.3%,1.6-2.3%,,N,
11719,22,Yes or no: States on west coast have higher values on average than states on the east coast.,No,No,,N,
11719,30,Does Florida have the most different value than Maine amongst the eastern coast states.,No,No,,N,
11719,2,Yes or no: in the legend the colour intensity is directly proportional to the value.,Yes,Yes,,N,
11719,40,Which pair of states belonging to the highest range are the closest to each other?,"Virginia, North Carolina","Virginia, North Carolina",,N,
11719,35,How many states bordering Missouri have a value similar to Connecticut?,2,2,,Y,
11719,12,What is the least value range along the Canada border?,0.4-0.9%,0.4-0.9%,,N,
11719,5,Yes or no: the legend has different shades of the same colour?,Yes,Yes,,N,
12175,21,Yes or no: New York has the highest value in the northeastern region.,Yes,Yes,d,N,
12175,7,Is the legend discrete or continuous?,Discrete,Discrete,,N,
12175,22,Yes or no: States bordering lake Superior have a higher value on average than states bordering Mexico.,No,No,,N,
12175,11,Which state has the highest value along the Canada border,"Oregon, Washington",New York,,N,
12175,20,Name the westernmost state that has a higher value than all its neighbours.,California,California,,,
12175,27,Which states neighbouring New Mexico have a value lower than New York?,"Colorado, Oklahoma, Utah","Colorado, Oklahoma",,N,
12175,35,How many states bordering Canada have a value similar to Texas?,1,1,,N,
12175,32,Yes or no: North Carolina is an outlier compared to other states in its neighbouring region.,No,No,,N,
12175,33,Yes or no: North Dakota and South Dakota are the pair of bordering states with the highest difference.,No,No,,Y,
12175,18,Yes or no: the value of the state Utah is lower than its neighbouring state Arizona.,Yes,Yes,,N,
12175,16,What value range does state Mississippi fall in?,219-522,219-522,,N,
12788,7,Is the legend discrete or continuous?,Discrete,Discrete,d,N,
12788,21,Yes or no: Rhode Island has the same value as Utah.,No,No,,N,
12788,35,How many states along the Canada border have value similar to Arizona,Nevada,3,,N,
12788,37,Which is the westernmost state that borders at least two states from the highest range?,,Nevada,,,
12788,5,Yes or no: the legend has multiple distinct colours?,No,No,,N,
12788,40,Which pair of states belonging to the highest range are the closest to each other along the Mexico border?,"California, Texas","California, Texas",,N,
12788,6,Yes or no: the map depicts percentages.,Yes,Yes,,N,
12788,3,What is the overall range of the legend?,10.9-35.3%,10.9-35.3%,,N,
12788,31,Yes or no: a majority of states bordering Mexico have values greater than North Dakota.,Yes,Yes,,N,
12788,34,Yes or no: Maine is the Northern-most state that has a lower value compared to all its neighbours.,No,No,,Y,
12788,4,What value range does the second lightest shade represent?,15.9-21%,15.9-21%,,N,
1267,15,List the states in the east coast with highest values,Alaska,New York and Florida,c,N,
1267,11,Which states on the West coast have a vlue lower than 0.5 million?,Oregon,Oregon,,,
1267,26,Which states bordering Canada have a value higher than California?,None,None,,N,
1267,2,Yes or no: in the legend the colour darkness inversely proportional to the value.,No,No,,N,
1267,19,Yes or no: the value of the state Maine is higher to state Louisiana.,No,No,,N,
1267,37,Which states have missing data?,None,None,,N,
1267,28,Which state in the east coast region has value similar to Florida?,New York,New York,,N,
1267,7,Is the legend discrete or continuous?,Continuous,Continuous,,N,
1267,13,Which state has the highest value in the west coast region?,California,California,,N,
1267,9,Does state Montana fall in the same legend marking range as Maine?,Yes,Yes,,N,
1267,42,Yes/No: Illinois has a similar value as Texas and also have a higher value than Nevada.,No,No,,N,
1267,43,"Rank the states Washington, Oregon, and Idaho in terms of the legend value in the Pacific Northwest region?",Idaho < Oregon < Washington,Idaho < Oregon < Washington,,Y,
14598,30,Does Florida have the same value to Georgia amongst the states in the south-east region.,No,No,d,N,
14598,12,What is least value range in the West coast?,308-444,308-444,,,
14598,39,Yes or no: all states bordering Florida have values in the same range.,No,No,,Y,
14598,19,Yes or no: the value of New York is similar to New Jersey.,Yes,Yes,,N,
14598,18,Yes or no: the value of Iowa is higher than its neighbouring state Illinois.,Yes,Yes,,N,
14598,30,Does New York have the same range value as North Dakota?,Yes,Yes,,N,
14598,4,What value range does the darkest shade represent?,564-862,564-862,,N,
14598,1,How many distinct categories does the legend contain?,4,4,,N,
14598,36,Name the northern most state in the highest range.,North Dakota,North Dakota,,N,
14598,15,List the southern most state with the value in lowest range.,Texas,Texas,,N,
15061,35,How many states along the west coast have a value higher than New York?,2,2,d,N,
15061,7,Is the legend discrete or continuous?,Discrete,Discrete,,N,
15061,5,Yes or no: the legend has different shades of the same colour?,No,No,,N,
15061,37,Which state in the range 44000-130400 doesn't border any states from 9000-17900?,None,None,,N,
15061,3,What is the overall range of the legend?,1700-130400,1700-130400,,N,
15061,16,What value range does Florida fall in?,"23,300","23,300",,N,
15061,20,Name the southernmost state that belongs to a similar range as all its neighbours.,Ohio,Ohio,,Y,
15061,26,Which states bordering Canada have a value lower than 8200?,"Minnesota, New York","Minnesota, New York",,N,
15061,11,Which states bordering Arizona belong to range 1700-8200?,Colorado,Colorado,,Y,
15061,4,What value range does the darkest shade represent?,1700-8200,1700-8200,,N,
20584,33,Yes or no: California and Nevada are the pair of bordering states with the highest difference.,Yes,Yes,c,Y,
20584,40,Which pair of state with values above 8M are closest to one another?,"Florida, Texas","Florida, Texas",,,
20584,39,Yes or no: all states bordering Maine have values in range 0-2M.,Yes,Yes,,Y,
20584,31,Yes or no: a majority of states bordering Canada belong to range less than 6M.,Yes,Yes,,N,
20584,42,Yes/No: Texas has a higher value than Florida and also a lower value than California.,Yes,Yes,,N,
20584,16,What value range (legend markings wise) does Texas fall in?,12-14M,10-12M,,N,
20584,21,Yes or no: New York has the highest value in the Canada border region.,Yes,Yes,,N,
20584,9,Does Montana fall in range 0-2M?,Yes,Yes,,N,
20584,13,Which state has the least value on the west coast?,Alaska,Oregon,,N,
20584,7,Is the legend discrete or continuous?,Continuous,Continuous,,N,
13555,2,Yes or no: in the legend the colour intensity is inversely proportional to the value.,No,No,c,N,
13555,34,Yes or no: New York is the northern most state with value > 1M that has a higher value compared to all its neighbours.,Yes,Yes,,Y,
13555,12,What is the highest value range in the east coast region?,2.5-3M,2.5-3M,,N,
13555,3,What is the overall range of the legend?,0-4M,0-4M,,N,
13555,36,Name the western-most state in the range 3.5-4M.,California,California,,N,
13555,27,Which states bordering California have a value higher than Texas?,None,None,,Y,
13555,15,List the 1 state on the Canada border region with the highest values.,New York,New York,,N,
13555,6,Yes or no: the map depicts absolute values as opposed to percentages.,Yes,Yes,,N,
13555,32,Yes or no: Florida is an outlier compared to other states on the east coast.,Yes,Yes,,N,
13555,22,Yes or no: States bordering Lake Superior have higher values on average than states bordering Mexico.,No,No,,N,
13555,43,"Rank the states Illinois, Michigan, and Wisconsin in terms of the legend value in the Great Lakes region?",Wisconsin < Michigan < Illinois,Wisconsin < Michigan < Illinois,,Y,
13396,2,Yes or no: in the legend the colour intensity is directly proportional to the value.,No,No,c,N,
13396,9,Does Alabama fall in range above 90?,Yes,Yes,,N,
13396,7,Is the legend discrete or continuous?,Continuous,Continuous,,N,
13396,41,Are the legends evenly spaced?,Yes,Yes,,N,
13396,5,Yes or no: the legend has different shades of the same colour?,Yes,Yes,,N,
13396,12,What value range does Oklahoma fall in?,<30,80-90,,N,
13396,40,Which pair of states belonging to the range >90 are the closest to each other?,"Mississippi, Alabama","Mississippi, Alabama",,N,
13396,2,Yes or no: in the legend the colour intensity is inversely proportional to the value.,Yes,Yes,,N,
13396,37,Which state in with value >90 borders at least 2 states from range 80-90?,None,None,,Y,
13396,3,What is the overall range of the legend (markings)?,30 - 90,30 - 90,,N,
12430,16,Which value range does Colorado fall in?,Utah,245-514,d,N,
12430,35,How many states bordering Texas have a value similar to Nevada?,"Florida, New York, Pennsylvania",3,,Y,
12430,15,Which state to the west of Idaho has the highest value?,California,California,,Y,
12430,9,Does New York have a value above 865?,Yes,Yes,,N,
12430,36,Name the northern-most state in the range 40-243.,Alaska,Alaska,,N,
12430,41,Are the legend ranges evenly sized?,No,No,,N,
12430,19,Yes or no: the value of the Colorado is similar to South Carolina.,Yes,Yes,,N,
12430,11,Which states in the west coast belong to range 245-514?,Oregon,Oregon,,N,
12430,18,Yes or no: the value of Florida is similar to its neighbouring state Georgia.,No,No,,N,
12430,32,Yes or no: New York is an outlier compared to other states bordering Canada.,Yes,Yes,,N,
9685,9,Does New York fall in range above 8%?,Yes,Yes,d,N,
9685,7,Is the legend discrete or continuous?,Discrete,Discrete,,N,
9685,21,Yes or no: Wyoming has lesser value than North Carolina.,Yes,Yes,,N,
9685,33,Yes or no: Texas and Louisiana are a pair of bordering states with the highest difference in range.,Yes,Yes,,Y,
9685,17,Count the states with the values in range 5.0%-8.4% on the west caost.,"Arizona, New Mexico",2,,N,
9685,28,Which state along the Mexico border has the same value as Wyoming?,Texas,None,,N,
9685,34,Yes or no: California is the Western-most state that has a lower value compared to all its neighbours.,Yes,No,,Y,
9685,39,Yes or no: all states bordering Kansas have values above 5%.,Yes,No,,Y,
9685,16,What value range does California fall in?,8.7-14.6%,8.7-14.6%,,N,
9685,4,What value range does the darkest shade represent?,0.6-2.5%,0.6-2.5%,,N,
9685,6,Yes or no: the map depicts percentages.,Yes,Yes,,N,
9447,2,Yes or no: in the legend the darkness is inversely proportional to the value.,No,No,d,N,
9447,37,Which states have missing data?,None,None,,N,
9447,7,Is the legend discrete or continuous?,Discrete,Discrete,,N,
9447,16,What value range does state Nebraska fall in?,12610 - 28430,12610 - 28430,,N,
9447,5,Yes or no: the legend has different shades of the same colour?,Yes,Yes,,N,
9447,1,How many distinct categories does the legend contain?,4,4,,N,
9447,3,What is the overall range of the legend?,640-108850,640-108850,,N,
9447,33,Yes or no: Ohio and West Virginia are a pair of bordering states with the highest difference in range values.,Yes,Yes,,Y,
9447,22,Yes or no: States bordering Montana have similar values on average as states bordering Maine,Yes,Yes,,Y,
9447,4,What value range does the darkest shade represent?,45770-108850,45770-108850,,N,
7444,2,Yes or no: in the legend the colour intensity is inversely proportional to the value.,Yes,Yes,d,N,
7444,15,Which state bordering Lake Superior has the highest value?,Michigan,Michigan,,N,
7444,7,Is the legend discrete or continuous?,Discrete,Discrete,,N,
7444,41,Are the ranges in the legend equally sized?,No,No,,N,
7444,29,Which range has the highest number of states?,0-107,0-107,,N,
7444,26,Which states borering California have a value higher than Illinois?,None,None,,N,
7444,12,What is the highest value range in the east coast region?,370-1035,370-1035,,N,
7444,35,How many states bordering Mexico have a value higher than Washington?,1,1,,N,
7444,6,Yes or no: the map depicts absolute values as opposed to percentages.,Yes,Yes,,N,
7444,27,Which states bordering Florida have a value similar to Texas?,Georgia,Georgia,,Y,
7432,19,Yes or no: the value of the state Maine is lower than Florida.,No,No,d,N,
7432,7,Is the legend discrete or continuous?,Discrete,Discrete,,N,
7432,16,What value range does state Texas fall in?,1-2.1%,1-2.1%,,N,
7432,21,Yes or no: Oklahoma has the least value among the states bordering Texas.,No,No,,Y,
7432,20,Name the easternmost state that belongs to a higher value range compared to all its neighbours.,Oklahoma,Oklahoma,,Y,
7432,31,Yes or no: a majority of states in the American south region belong to range 1-2.1%.,Yes,Yes,,N,
7432,16,What value range does Oregon fall in?,3.50%,3.50%,,N,
7432,32,Yes or no: Oklahoma is an outlier compared to other inland states.,Yes,Yes,,N,
7432,36,Name the western most state in the range 1-2.1%.,California,California,,N,
215,19,Yes or no: the value of California is higher than New York,Yes,Yes,c,N,
215,39,Yes or no: all states bordering the Great Lakes have values below 7M.,Yes,Yes,,N,
215,9,Does Texas fall in the range 6-7M?,Yes,Yes,,N,
215,40,Which pair of states belonging to the range 8-9M are the closest to each other?,None,None,,N,
215,18,Yes or no: the value of the state Connecticut is lower than its neighbouring state New York.,Yes,Yes,,N,
215,9,Does California fall in range above 8M?,Yes,Yes,,N,
215,9,Does Texas fall in range above 5M?,Yes,Yes,,N,
215,9,Does state Florida come under the value 1-2M?,No,No,,N,
215,7,Is the legend discrete or continuous?,Continuous,Continuous,,N,
215,43,"Rank the states Texas, Arizona, and California in terms of the legend value in the Mexico Border region?",Arizona < Texas < California,Arizona < Texas < California,,Y,
7299,2,Yes or no: in the legend the colour darkness is directly proportional to the value.,Yes,Yes,d,N,
7299,15,Which state bordering the Great Lakes region has the lowest value?,Minnesota,Minnesota,,N,
7299,41,Are the legend categories evenly sized?,No,No,,N,
7299,19,Yes or no: the value of the Michigan is higher than Florida.,Yes,Yes,,N,
7299,7,Is the legend discrete or continuous?,Discrete,Discrete,,N,
7299,5,Yes or no: the legend only has different shades of the same colour?,No,No,,N,
7299,13,Which state bordering Mexico belongs to the highest value range?,None,None,,N,
7299,26,Which states bordering Canada have a value similar to South Carolina?,"Washington, Idaho, Minnesota, ","Washington, Idaho, Minnesota, ",,N,
7299,34,Yes or no: Arizona is the western most state that has a similar value compared to all its neighbours.,Yes,No,,Y,
7299,39,Yes or no: all states in the west coast have values below 350.,Yes,Yes,,N,
6617,37,Which states have missing data?,None,None,c,N,
6617,9,Does Utah fall in range below 0.8?,Yes,Yes,,N,
6617,9,Does New York fall in range above 0.8?,Yes,Yes,,N,
6617,18,Yes or no: the value of Florida is similar to its neighbouring state Georgia.,Yes,Yes,,N,
6617,6,Yes or no: the map depicts percentages.,No,Yes,,N,
6617,42,Yes/No: Wyoming has a lower value than Maine and also have a higher value than Alaska.,Yes,Yes,,N,
6617,16,Between which two legend markings does Nebraska fall?,0.6-0.8,0.6-0.8,,N,
6617,29,Which range no between two legend markings has the highest number of states?,0.8-1,0.8-1,,N,
6617,7,Is the legend discrete or continuous?,Continuous,Continuous,,N,
6617,32,Yes or no: Wyoming is an outlier compared to all other states,Yes,Yes,,N,arqam verification till here
5327,18,Yes or no: the value of the state South Dakota is lower than its neighbouring state North Dakota.,No,No,d,N,
5327,37,Which states have missing data?,"Nevada, Idaho","Nevada, Idaho",,N,
5327,9,Does state Iowa come under the value below 300?,No,No,,N,
5327,7,Is the legend discrete or continuous?,Discrete,Discrete,,N,
5327,9,Does state Arkansas fall in range 379-469?,Yes,Yes,,N,
5327,1,How many distinct categories does the legend contain?,5,5,,N,
5327,4,What value range does the darkest shade represent?,276-373,276-373,,N,
5327,22,Yes or no: States bordering Georgia have higher values on average than states bordering Arizona.,Yes,Yes,,Y,
5327,3,What is the overall range of the legend?,276-835,276-835,,N,
5327,12,What is the least value range among the states bordering Lake Superior?,276-373,276-373,,N,
20781,15,Which state on the West Coast has the highest value?,Washington,Washington,d,N,
20781,9,Does state Alaska come in the range 30.1 - 34.2?,No,No,,N,
20781,7,Is the legend discrete or continuous?,Discrete,Discrete,,N,
20781,21,Yes or no: Rhode Island has the same value as Washington.,Yes,Yes,,N,
20781,2,Yes or no: in the legend the colour intensity is directly proportional to the value.,No,No,,N,
20781,30,Does North Carolina have the same value as Florida in the east coast region.,Yes,Yes,,N,
20781,35,How many states bordering Canada have a value similar to Utah?,2,2,,N,
20781,36,Name the state west to New York in the range 20.2-22.9%.,"Alaska, South Dakota","Alaska, South Dakota",,N,
16391,2,Yes or no: in the legend the colour intensity is directly proportional to the value.,No,No,c,N,
16391,37,Which states have missing data?,None,None,,N,
16391,9,Does the state of Nebraska come under the value range 0.14 -0.16?,No,No,,N,
16391,7,Is the legend discrete or continuous?,Continuous,Continuous,,N,
16391,16,What value range does state Idaho fall in?,> 0.22,> 0.22,,N,
16391,33,Yes or no: California and Oregon are the pair of bordering states along the west coast with the least difference.,Yes,Yes,,Y,
16391,35,How many states in the west coast have a value lower than Texas?,3,3,,N,
16391,21,Yes or no: New Jersey has the highest value in the east coast region.,No,No,,N,
16391,2,Yes or no: in the legend the colour intensity is directly proportional to the value.,No,No,,N,
16391,18,Yes or no: the value of the state California is higher as its neighbouring state Oregon.,No,No,,N,
5931,37,Which states have missing data?,None,None,c,N,
5931,15,Which states bordering Lake Superior have the highest value?,Michigan,Michigan,,N,
5931,9,Does the state Maine come under the value 45-50?,No,No,,N,
5931,7,Is the legend discrete or continuous?,Continuous,Continuous,,N,
5931,21,Yes or no: Alabama has higher value than Oregon.,Yes,Yes,,N,
5931,41,Are the legends evenly spaced?,Yes,Yes,,N,
5931,40,Which pair of states belonging to the range 45-50 are the closest to each other?,"Ohio, Pennsylvania","Ohio, Pennsylvania",,N,
5931,36,Name the state in the northeast in the range 50-55.,West Virginia,West Virginia,,N,
5931,20,Name the western most state that belongs to a similar value range compared to all its neighbours.,Washington,Washington,,Y,
5931,27,Which states bordering Florida have a value similar to Texas?,Georgia,Georgia,,Y,
5000,37,Which states have missing data?,None,None,c,N,
5000,15,Which state along the Canada border has the highest value?,Minnesota,Minnesota,,N,
5000,7,Is the legend discrete or continuous?,Continuous,Continuous,,N,
5000,21,Yes or no: Montana has the same value as Texas.,No,No,,N,
5000,9,Does Florida fall in range 0.34-0.36?,Yes,Yes,,N,
5000,27,Which states bordering Canada have a value similar to Utah?,Maine,Maine,,N,
5000,34,Yes or no: Florida is the southern most state that has a higher value compared to all its neighbours.,Yes,Yes,,Y,
5000,41,Are the legends evenly spaced?,Yes,Yes,,N,
5000,31,Yes or no: a majority of states bordering Texas belong to range greater than 0.3.,Yes,Yes,,Y,
5000,3,What is the overall range of the legend?,0.24-0.36,0.24-0.36,,N,
5000,43,"Rank the states Texas, Louisiana, and Mississippi in terms of the legend value in the Gulf Coast region?",Texas < Mississippi < Louisiana,Texas < Mississippi < Louisiana,,Y,
4042,2,Yes or no: in the legend the colour intensity is directly proportional to the value.,Yes,Yes,d,N,
4042,15,Which state on the East Coast has the highest value?,Virginia,Virginia,,N,
4042,15,Which state on the Canada border has the lowest value?,Washington,Washington,,N,
4042,15,Which state on the Great Lakes region has the highest value?,Wisconsin,Wisconsin,,N,
4042,7,Is the legend discrete or continuous?,Discrete,Discrete,,N,
4042,21,Yes or no: Florida has the same value as Washington.,No,No,,N,
4042,1,How many distinct categories does the legend contain?,4,4,,N,
4042,5,Yes or no: the legend has different shades of the same colour?,4,Yes,,N,
4042,40,Which pair of states belonging to the range 21-38% are the closest to each other?,"Virginia, Tennessee","Virginia, Tennessee",,N,
4042,4,What value range does the lightest shade represent?,2-7%,2-7%,,N,
2181,37,Which states have missing data?,None,None,d,N,
2181,9,Does state Oklahoma come under the value 66-92?,No,No,,N,
2181,36,Which is the Southern most state with a value in the range 35-63?,Mississippi,Mississippi,,N,
2181,21,Yes or no: New Mexico has the same value as Texas.,No,No,,N,
2181,2,Yes or no: in the legend the colour intensity is directly proportional to the value.,Yes,Yes,,N,
2181,9,Does state Michigan come under the value 35-63?,Yes,Yes,,N,
2181,18,Yes or no: the value of the state Texas is higher than its neighbouring state Louisiana.,Yes,Yes,,N,
2181,11,Which states bordering Canada belong to range 95-205?,New York,New York,,N,
2181,28,Which state in the west coast has the same value as Missouri?,Washington,Washington,,N,
2181,7,Is the legend discrete or continuous?,Discrete,Discrete,,N,
1342,2,Yes or no: in the legend the colour intensity is directly proportional to the value.,Yes,Yes,d,N,
1342,18,Yes or no: the value of the state South Dakota is lower than its neighbouring state Minnesota.,No,No,,N,
1342,37,Which states have missing data?,"North Dakota, New Hampshire, Vermont, Rhode Island, Nebraska","North Dakota, New Hampshire, Vermont, Rhode Island, Nebraska",,N,
1342,15,Which state on the Canada border has the highest value?,Washington,Washington,,N,
1342,15,Which state along the Great Lakes region has the highest value?,"New York, Michigan","New York, Michigan",,N,
1342,15,Which state on the east coast has the highest value?,Massachusetts,Massachusetts,,N,
1342,9,Does South Dakota fall in range above 5%?,Yes,Yes,,N,
1342,9,Does Alaska fall in range 5.1% - 15.6%?,Yes,Yes,,N,
1342,12,What is the highest value range in the Canada bordering region?,3.3-4.9%,3.3-4.9%,,N,
1342,31,Yes or no: All the states bordering Florida belong to the range 1-1.8%.,Yes,Yes,,Y,
65,7,Is the legend discrete or continuous?,Continuous,Continuous,c,N,
65,36,Which is the Northern most state with the highest value?,New York,New York,,N,
65,21,Yes or no: North Dakota has the same value as South Dakota.,Yes,Yes,,N,
65,19,Yes or no: the value of North Dakota is lower than South Dakota.,No,No,,N,
65,6,Yes or no: the map depicts percentages.,No,No,,N,
65,36,Name the North most state in the range 50-60k.,New York,New York,,N,
65,28,Which state bordering the Great Lakes has the same value as Florida?,New York,New York,,N,
65,5,Yes or no: the legend has multiple distinct colours?,No,No,,N,
65,2,Yes or no: in the legend the colour intensity is directly proportional to the value.,Yes,Yes,,N,
65,9,Does California fall in range above 60k?,Yes,Yes,,N,
4,15,Which state on the East Coast region has the lowest value?,New Hampshire,,c,N,
4,7,Is the legend discrete or continuous?,Continuous,Continuous,,N,
4,41,Are the legends evenly spaced?,Yes,Yes,,N,
4,6,Yes or no: the map depicts percentages.,No,No,,N,
4,27,Which states bordering Mexico have a value similar to Minnesota?,None,None,,N,
4,28,Which state in the west coast has the same value as Louisiana?,California and Oregon,"California, Oregon",,N,
4,2,Yes or no: in the legend the colour intensity is directly proportional to the value.,Yes,Yes,,N,
4,22,Yes or no: States bordering Canada have lower values on average than states bordering Mexico.,Yes,Yes,,N,
4,29,Which range has the least number of states?,<0.3,<0.3,,N,
4,4,What value range does the darkest shade represent?,>0.45,>0.45,,N,
11175,6,Yes or no: the map depicts percentages.,No,No,d,N,
11175,12,What is the second least value range in the west coast region?,53-102,53-102,,N,
11175,30,Does state Florida have the same value to state Georgia amongst the states in the south-east region.,No,No,,N,
11175,34,Yes or no: California is the western most state that has a lower value compared to all its neighbours.,No,No,,Y,
11175,26,Which states bordering Canada have a value higher than California?,None,None,,N,
11175,5,Yes or no: the legend has multiple distinct colours?,No,No,,N,
11175,32,Yes or no: North Carolina is an outlier compared to other states in its neighbouring region.,No,No,,N,
11175,33,Yes or no: Texas and Arkansas are a pair of bordering states with the highest difference.,Yes,Yes,,Y,
11175,7,Is the legend discrete or continuous?,Discrete,Discrete,,N,
11175,22,Yes or no: States bordering lake Superior have a higher value on average than states bordering Mexico.,No,No,,N,
17383,32,Yes or no: New York is an outlier compared to other states bordering Canada.,No,No,c,N,
17383,27,Which states in along the southern border have a value higher than New York?,"California, Arizona","California, Arizona",,N,
17383,7,Is the legend discrete or continuous?,Continuous,Continuous,,N,
17383,39,Yes or no: all states bordering Colorado have values in the same range.,No,No,,Y,
17383,16,What value range does state California fall in?,3.5-4,3.5-4,,N,
17383,6,Yes or no: the map depicts absolute values.,Yes,Yes,,N,
17383,12,Which states on the east coast has the highest value?,South Carolina,South Carolina,,N,
17383,30,Does Florida have the same value to state New York amongst the states along the eastern coast.,No,No,,N,
17383,41,Are the legends evenly spaced ?,Yes,Yes,,N,
17383,21,Yes or no: South Dakota has the least value compared to its neighbours.,Yes,Yes,,Y,
19988,18,Yes or no: the value of the state Texas is same as its neighbouring state Arkansas.,Yes,Yes,c,N,
19988,9,Does Iowa fall in range 200 - 400?,Yes,Yes,,N,
19988,4,What value range does the darkest shade represent?,>1200,>1200,,N,
19988,16,What value range does state Mississippi fall in?,0-200,0-200,,N,
19988,11,Which states in west coast region belong to the lowest range?,"Alaska, California",California,,N,
19988,26,Which states bordering Canada have a value higher than California?,"Montana, Minnesota","Montana, Minnesota",,N,
19988,21,Yes or no: Oregon has the highest value in the west coast.,Yes,Yes,,N,
19988,6,Yes or no: the map depicts percentages.,No,No,,N,
19988,9,Does Texas fall in the range 200-400?,Yes,Yes,,N,
19988,7,Is the legend discrete or continuous?,Continuous,Continuous,,N,
1347,42,Yes/No: Maine has a higher value than West Virginia and also have a higher value than Colorado.,No,No,d,N,
1347,11,"Which states along the Mexico border belong to the range 51,424 - 168,732?",California,California,,N,
1347,4,What value range does the darkest shade represent?,"51,424 - 168,732","51,424 - 168,732",,N,
1347,21,Yes or no: California has the highest value along the west coast.,Yes,Yes,,N,
1347,19,Yes or no: the value of  Florida is higher than Maine.,Yes,Yes,,N,
1347,15,List the states in the east coast region with the highest value.,New York,New York,,N,
1347,31,Yes or no: All the states bordering Texas belong to range 655-8718.,Yes,Yes,,Y,
1347,29,Which range has the least number of states?,"51,424 - 168,732","51,424 - 168,732",,N,
1347,27,Which states in the east coast region have a value higher than Texas?,New York,New York,,N,
1347,34,Yes or no: Montana and Maine are the northern most states that have a similar value compared to all its neighbours.,Yes,Yes,,Y,
1347,41,Are the legends evenly spaced?,No,No,,N,
16161,2,Yes or no: in the legend the colour intensity is inversely proportional to the value.,No,No,d,N,
16161,37,Which states on the North coast have missing data?,"Idaho, North Dakota, South Dakota, Montana, Wyoming","Idaho, North Dakota, South Dakota, Montana, Wyoming",,N,
16161,15,Which state on the Mexico border has the lowest value?,Texas,Texas,,N,
16161,7,Is the legend discrete or continuous?,Discrete,Discrete,,N,
16161,21,Yes or no: North Carolina has lower value than Oregon.,Yes,Yes,,N,
16161,5,Yes or no: the legend has different shades of the same colour?,Yes,Yes,,N,
16161,41,Are the legends evenly spaced?,No,No,,N,
16161,4,What value range does the second lightest shade represent?,10.3-14.7%,10.3-14.7%,,N,
16161,36,Name the southern most state in the range 14.9-18.5%.,Mississippi,Mississippi,,N,
15912,18,Yes or no: the value of the state California is higher as its neighbouring state Oregon.,Yes,Yes,c,N,
15912,15,Which state on the West Coast has the highest value?,California,California,,N,
15912,7,Is the legend discrete or continuous?,Continuous,Continuous,,N,
15912,31,Yes or no: a majority of states on the east coast belong to range less than 1M.,Yes,Yes,,N,
15912,42,"Yes/No: Texas has a higher value than Florida, and also have a similar value as New York.",Yes,Yes,,N,
15912,32,Yes or no: New York is an outlier compared to other states on the east coast.,Yes,Yes,,N,
15912,2,Yes or no: in the legend the colour intensity is directly proportional to the value.,Yes,Yes,,N,
15912,3,What is the overall range of the legend?,0-5M,0-5M,,N,
15912,22,Yes or no: States bordering Canada have higher values on average than states bordering Mexico.,No,No,,N,
15912,9,Does New York fall in range 1-2M?,Yes,Yes,,N,
8576,15,Which state on the East Coast has the highest value?,"Florida, Massachusetts, Virginia","Florida, Massachusetts, Virginia",d,N,
8576,7,Is the legend discrete or continuous?,Discrete,Discrete,,N,
8576,8,Which class has the largest range of values?,"0-37,719","0-37,719",,N,
8576,37,Which state in range 301325-766290 borders at least 3 states from range 0-37719?,New York,New York,,Y,
8576,21,Yes or no: California has the highest value on the west coast,Yes,Yes,,N,
8576,12,What is the highest value range along Mexico border?,143202-296255,143202-296255,,N,
8576,9,Does Michigan fall in range 301325-766290?,Yes,Yes,,N,
8576,3,What is the overall range of the legend?,0-766290,0-766290,,N,
8576,5,Yes or no: the legend has multiple distinct colours?,No,No,,N,
8576,41,Are the legends evenly spaced ?,No,No,,N,
7729,15,Which 3 states on the East Coast have the highest values?,"Maine, North Carolina, Georgia","Maine, North Carolina, Georgia",c,N,
7729,21,Yes or no: Indiana has higher value than Alaska.,Yes,Yes,,N,
7729,27,Which states bordering Texas have a value higher than 0.26?,"Arkansas , Louisiana","Arkansas , Louisiana",,Y,
7729,36,Name the northern most state in the range 0.2-0.22.,North Dakota,North Dakota,,N,
7729,12,What is the lowest value range among the states bordering Lake Superior?,0.2-0.22,0.2-0.22,,N,
7729,6,Yes or no: the map depicts percentages.,No,No,,N,
7729,2,Yes or no: in the legend the colour intensity is inversely proportional to the value.,Yes,Yes,,N,
7729,20,Name the northern most state that belongs to a similar value range compared to 2 of its neighbours.,Idaho,Idaho,,Y,
7729,22,Yes or no: States bordering Arkansas have higher values on average than states bordering Washington.,Yes,Yes,,Y,
7729,35,How many states on the Canada border have a value similar to California?,2,2,,N,
7729,43,"Rank the states West Virginia, Kentucky, and Tennessee in terms of the legend value in the Appalachian region?",Tennessee < Kentucky < West Virginia,Tennessee < Kentucky < West Virginia,,Y,
7502,21,Yes or no: New York has the same value as Texas.,Yes,Yes,d,N,
7502,15,Which state on the East Coast has the highest value?,New York,New York,,N,
7502,30,Does Florida have a different value than South Carolina amongst the states in the southeast region.,No,No,,N,
7502,33,Yes or no: New York and Vermont are a pair of bordering states with the highest difference.,Yes,yes,,Y,
7502,20,Name the northern-most state that belongs to a similar value range compared to all its neighbours.,Maine,Maine,,Y,
7502,7,Is the legend discrete or continuous?,Discrete,Discrete,,N,
7502,28,Which state on the west coast has the same value as Connecticut?,Washington,Washington,,N,
7502,39,Yes or no: all states bordering Utah have values in range 233831-149806360.,Yes,Yes,,Y,
7502,40,"Which pair of states belonging to the range 419,716,094-665,088,579 are the closest to each other?","New Jersey, Pennsylvania, Ohio","New Jersey, Pennsylvania, Ohio",,N,
7502,1,How many distinct categories does the legend contain?,4,4,,N,
689,6,Yes or no: the map depicts percentages.,No,No,d,N,
689,32,Yes or no: Colorado is an outlier compared to its other neighbouring states,Yes,Yes,,N,
689,2,Yes or no: in the legend the colour intensity is directly proportional to the value.,No,No,,N,
689,33,Yes or no: Rhode Island and Massachusetts are a pair of bordering states with the highest difference.,Yes,No,,Y,
689,7,Is the legend discrete or continuous?,Discrete,Discrete,,N,
689,16,What value range does Michigan fall in?,1721-3099,1721-3099,,N,
689,18,Yes or no: the value of Texas is similar to its neighbouring state New Mexico.,Yes,Yes,,N,
689,22,Yes or no: States bordering New Jersey have similar values on average than states bordering Florida,No,No,,Y,
689,20,Name the western most state that belongs to a higher value range compared to all its neighbours.,California,California,,Y,
689,42,Yes/No: Wisconsin has a similar value as Ohio and also a lower value than New York.,Yes,Yes,,N,
13792,5,Yes or no: the legend has different shades of the same colour?,Yes,Yes,c,N,
13792,42,"Yes/No: Texas has a higher value than New York, and also a higher than North Dakota.",Yes,Yes,,N,
13792,29,Which range has the least number of states?,>200k,>200k,,N,
13792,11,Which states bordering Canada belong to range >200k?,None,None,,N,
13792,30,Does North Carolina have the same value asd Georgia mongst the east coast states.,Yes,Yes,,N,
13792,26,Which states bordering the great lakes have a value similar to Florida?,None,None,,N,
13792,27,Which states bordering Mexico have a value similar to Florida?,Texas,Texas,,N,
13792,33,Yes or no: New Mexico and Texas are a pair of bordering states with the highest difference.,Yes,Yes,,Y,
13792,7,Is the legend discrete or continuous?,Continuous,Continuous,,N,
13792,31,Yes or no: a majority of states bordering Canada belong to range less than 50k.,Yes,Yes,,N,
20774,16,What value range does New Mexico fall in?,0.055-0.06,0.055-0.06,c,N,
20774,26,Which states bordering Canada have a value higher than 0.05?,None,None,,N,
20774,33,Yes or no: New Mexico and Utah are the pair of bordering states with the highest difference.,Yes,Yes,,N,
20774,9,Does New Hampshire fall in range 0.035-0.04?,No,No,,N,
20774,15,List the 3 states with values greater than 0.05.,"New Mexico, West Virginia, Delaware","New Mexico, West Virginia, Delaware",,N,
20774,4,What value range does the darkest shade represent?,>0.06,>0.06,,N,
20774,27,Which states bordering Mexico have a value similar to Georgia?,Arizona,Arizona,,N,
20774,34,Yes or no: Delaware is the eastern most state that has a higher value compared to all its neighbours.,Yes,Yes,,Y,
20774,18,Yes or no: the value of Wyoming is higher than its neighbouring state Nebraska.,Yes,Yes,,N,
20774,31,Yes or no: All the west coast states belong to range 0.035-0.04.,Yes,Yes,,N,
8616,31,Yes or no: a majority of states bordering Canada belong to range less than 4M.,Yes,Yes,c,N,
8616,22,Yes or no: States bordering Montana have similar values on average as states bordering Maine.,Yes,Yes,,Y,
8616,3,What is the overall range of the legend?,<2M - >10M,<2M - >10M,,N,
8616,4,What value range does the second darkest shade represent?,2-4M,2-4M,,N,
8616,7,Is the legend discrete or continuous?,Continuous,Continuous,,N,
8616,16,What value range does California fall in?,>10M,>10M,,N,
8616,39,Yes or no: all states bordering New York have values below 6M.,Yes,Yes,,Y,
8616,34,Yes or no: New York is the northern most state that has a higher value compared to all its neighbours.,Yes,Yes,,Y,
8616,11,Which states in the north east belong to range >10M?,None,None,,N,
8616,32,Yes or no: California is an outlier compared to other states in the west coast region,Yes,Yes,,N,
2632,6,Yes or no: the map depicts percentages.,Yes,No,c,N,
2632,3,What is the overall range of the legend?,<50k - >200k,<50k - >200k,,N,
2632,7,Is the legend discrete or continuous?,Continuous,Continuous,,N,
2632,22,Yes or no: States bordering Wyoming have similar values on average than states bordering Maine.,Yes,Yes,,Y,
2632,41,Are the legends evenly spaced?,Yes,Yes,,N,
2632,39,Yes or no: all states bordering Canada have values below 100k.,No,No,,N,
2632,29,Which range has the least number of states?,>200k,150k-200k,,N,
2632,9,Does Illinois fall in range 100-150k?,Yes,Yes,,N,
2632,2,Yes or no: in the legend the colour intensity is directly proportional to the value.,Yes,Yes,,N,
2632,19,Yes or no: the value of New Jersey is similar to North Carolina.,Yes,Yes,,N,
2632,43,"Rank the states Ohio, Michigan, and Wisconsin in terms of the legend value in the Midwest region?",Wisconsin < Michigan < Ohio,Wisconsin < Michigan < Ohio,,Y,
930,40,Which pair of states belonging to the range >200k are the closest to each other?,None,Rhode Island and Connecticut.,d,N,
930,2,Yes or no: in the legend the colour intensity is inversely proportional to the value.,No,No,,N,
930,9,Does Idaho fall in range <50k?,Yes,Yes,,N,
930,41,Are the legends evenly spaced?,Yes,No,,N,
930,20,Name the western most state that belongs to a higher value range compared to all its neighbours.,California,California,,Y,
930,34,Yes or no: Florida is the southeast state that has a higher value compared to all its neighbours.,Yes,Yes,,Y,
930,30,Does Maine have the same value as Connecticut among the states in the northeast region.,Yes,No,,N,
930,21,Yes or no: Minnesota has the least value along the Canada border.,No,No,,N,
930,31,Yes or no: a majority of states bordering belong to less than 150k.,Yes,Yes,,Y,
930,19,Yes or no: the value of Oregon is higher than New york.,No,No,,N,
930,43,"Rank the states Georgia, Alabama, and Florida in terms of the legend value in the Southeast region?",Alabama < Georgia < Florida,Alabama < Georgia < Florida,,Y,
12319,37,Which state on the west coast borders at least 1 state from range 3-6?,None,Oregon,d,Y,
12319,29,Which range has the highest number of states?,0-1,0-1,,N,
12319,15,List the states bordering Alabama with the highest values.,"Mississippi, Georgia, Florida","Georgia, Mississippi, Tennessee",,Y,
12319,1,How many distinct categories does the legend contain?,3,3,,N,
12319,5,Yes or no: the legend has different shades of the same colour?,Yes,Yes,,N,
12319,35,How many states bordering Colorado have a value similar to Wisconsin?,6,3,,Y,
12319,42,"Yes/No: Ohio has a higher value than California, and also a similar value as Florida.",Yes,Yes,,N,
12319,33,Yes or no: Iowa and Missouri are a pair of bordering states with the highest difference.,Yes,Yes,,Y,
12319,7,Is the legend discrete or continuous?,Discrete,Discrete,,N,
12319,2,Yes or no: in the legend the colour intensity is directly proportional to the value.,Yes,Yes,,N,